Fuente	Texto	Nivel_Destino	Tokens_JSON	Estado
josele-n1	El gato duerme en el sofá.	n1	"[{""id"": ""n1_01_01"", ""texto"": ""El"", ""cat"": ""Artículo"", ""atrs"": {""tipo"": ""determinado"", ""género"": ""masculino"", ""número"": ""singular"", ""forma"": ""ninguna""}}, {""id"": ""n1_01_02"", ""texto"": ""gato"", ""cat"": ""Sustantivo"", ""atrs"": {""subtipo"": ""común"", ""género"": ""masculino"", ""número"": ""singular"", ""comun_sub"": ""contable"", ""ind_col"": ""individual"", ""conc_abs"": ""concreto""}}, {""id"": ""n1_01_03"", ""texto"": ""duerme"", ""cat"": ""Verbo"", ""atrs"": {""perífrasis"": ""no"", ""conjugación"": ""tercera"", ""persona"": ""tercera persona"", ""número"": ""singular"", ""tiempo"": ""presente"", ""modo"": ""indicativo"", ""aspecto"": ""imperfectivo"", ""voz"": ""activa""}}, {""id"": ""n1_01_04"", ""texto"": ""en"", ""cat"": ""Preposición"", ""atrs"": {""tipo"": ""simple""}}, {""id"": ""n1_01_05"", ""texto"": ""el"", ""cat"": ""Artículo"", ""atrs"": {""tipo"": ""determinado"", ""género"": ""masculino"", ""número"": ""singular"", ""forma"": ""ninguna""}}, {""id"": ""n1_01_06"", ""texto"": ""sofá"", ""cat"": ""Sustantivo"", ""atrs"": {""subtipo"": ""común"", ""género"": ""masculino"", ""número"": ""singular"", ""comun_sub"": ""contable"", ""ind_col"": ""individual"", ""conc_abs"": ""concreto""}}, {""id"": ""n1_01_07"", ""texto"": ""."", ""cat"": ""Puntuación"", ""atrs"": {}}]"	
josele-n1	Ayer llovió mucho en la ciudad.	n1	"[{""id"": ""n1_02_01"", ""texto"": ""Ayer"", ""cat"": ""Adverbio"", ""atrs"": {""tipo"": ""tiempo""}}, {""id"": ""n1_02_02"", ""texto"": ""llovió"", ""cat"": ""Verbo"", ""atrs"": {""perífrasis"": ""no"", ""conjugación"": ""segunda"", ""persona"": ""tercera persona"", ""número"": ""singular"", ""tiempo"": ""pretérito perfecto simple"", ""modo"": ""indicativo"", ""aspecto"": ""perfectivo"", ""voz"": ""activa""}}, {""id"": ""n1_02_03"", ""texto"": ""mucho"", ""cat"": ""Adverbio"", ""atrs"": {""tipo"": ""cantidad""}}, {""id"": ""n1_02_04"", ""texto"": ""en"", ""cat"": ""Preposición"", ""atrs"": {""tipo"": ""simple""}}, {""id"": ""n1_02_05"", ""texto"": ""la"", ""cat"": ""Artículo"", ""atrs"": {""tipo"": ""determinado"", ""género"": ""femenino"", ""número"": ""singular"", ""forma"": ""ninguna""}}, {""id"": ""n1_02_06"", ""texto"": ""ciudad"", ""cat"": ""Sustantivo"", ""atrs"": {""subtipo"": ""común"", ""género"": ""femenino"", ""número"": ""singular"", ""comun_sub"": ""contable"", ""ind_col"": ""individual"", ""conc_abs"": ""concreto""}}, {""id"": ""n1_02_07"", ""texto"": ""."", ""cat"": ""Puntuación"", ""atrs"": {}}]"	
josele-n1	Mañana visitaré a mis abuelos.	n1	"[{""id"": ""n1_03_01"", ""texto"": ""Mañana"", ""cat"": ""Adverbio"", ""atrs"": {""tipo"": ""tiempo""}}, {""id"": ""n1_03_02"", ""texto"": ""visitaré"", ""cat"": ""Verbo"", ""atrs"": {""perífrasis"": ""no"", ""conjugación"": ""primera"", ""persona"": ""primera persona"", ""número"": ""singular"", ""tiempo"": ""futuro simple"", ""modo"": ""indicativo"", ""aspecto"": ""imperfectivo"", ""voz"": ""activa""}}, {""id"": ""n1_03_03"", ""texto"": ""a"", ""cat"": ""Preposición"", ""atrs"": {""tipo"": ""simple""}}, {""id"": ""n1_03_04"", ""texto"": ""mis"", ""cat"": ""Posesivo"", ""atrs"": {""función"": ""determinante"", ""persona"": ""primera persona"", ""poseedores"": ""un poseedor"", ""género"": ""invariable"", ""número"": ""plural""}}, {""id"": ""n1_03_05"", ""texto"": ""abuelos"", ""cat"": ""Sustantivo"", ""atrs"": {""subtipo"": ""común"", ""género"": ""masculino"", ""número"": ""plural"", ""comun_sub"": ""contable"", ""ind_col"": ""individual"", ""conc_abs"": ""concreto""}}, {""id"": ""n1_03_06"", ""texto"": ""."", ""cat"": ""Puntuación"", ""atrs"": {}}]"	
josele-n1	La niña dibuja un árbol enorme.	n1	"[{""id"": ""n1_04_01"", ""texto"": ""La"", ""cat"": ""Artículo"", ""atrs"": {""tipo"": ""determinado"", ""género"": ""femenino"", ""número"": ""singular"", ""forma"": ""ninguna""}}, {""id"": ""n1_04_02"", ""texto"": ""niña"", ""cat"": ""Sustantivo"", ""atrs"": {""subtipo"": ""común"", ""género"": ""femenino"", ""número"": ""singular"", ""comun_sub"": ""contable"", ""ind_col"": ""individual"", ""conc_abs"": ""concreto""}}, {""id"": ""n1_04_03"", ""texto"": ""dibuja"", ""cat"": ""Verbo"", ""atrs"": {""perífrasis"": ""no"", ""conjugación"": ""primera"", ""persona"": ""tercera persona"", ""número"": ""singular"", ""tiempo"": ""presente"", ""modo"": ""indicativo"", ""aspecto"": ""imperfectivo"", ""voz"": ""activa""}}, {""id"": ""n1_04_04"", ""texto"": ""un"", ""cat"": ""Artículo"", ""atrs"": {""tipo"": ""indeterminado"", ""género"": ""masculino"", ""número"": ""singular"", ""forma"": ""ninguna""}}, {""id"": ""n1_04_05"", ""texto"": ""árbol"", ""cat"": ""Sustantivo"", ""atrs"": {""subtipo"": ""común"", ""género"": ""masculino"", ""número"": ""singular"", ""comun_sub"": ""contable"", ""ind_col"": ""individual"", ""conc_abs"": ""concreto""}}, {""id"": ""n1_04_06"", ""texto"": ""enorme"", ""cat"": ""Adjetivo"", ""atrs"": {""subtipo"": ""calificativo"", ""género"": ""invariable"", ""número"": ""singular"", ""grado"": ""positivo""}}, {""id"": ""n1_04_07"", ""texto"": ""."", ""cat"": ""Puntuación"", ""atrs"": {}}]"	
josele-n1	Los alumnos leen un libro interesante.	n1	"[{""id"": ""n1_05_01"", ""texto"": ""Los"", ""cat"": ""Artículo"", ""atrs"": {""tipo"": ""determinado"", ""género"": ""masculino"", ""número"": ""plural"", ""forma"": ""ninguna""}}, {""id"": ""n1_05_02"", ""texto"": ""alumnos"", ""cat"": ""Sustantivo"", ""atrs"": {""subtipo"": ""común"", ""género"": ""masculino"", ""número"": ""plural"", ""comun_sub"": ""contable"", ""ind_col"": ""individual"", ""conc_abs"": ""concreto""}}, {""id"": ""n1_05_03"", ""texto"": ""leen"", ""cat"": ""Verbo"", ""atrs"": {""perífrasis"": ""no"", ""conjugación"": ""segunda"", ""persona"": ""tercera persona"", ""número"": ""plural"", ""tiempo"": ""presente"", ""modo"": ""indicativo"", ""aspecto"": ""imperfectivo"", ""voz"": ""activa""}}, {""id"": ""n1_05_04"", ""texto"": ""un"", ""cat"": ""Artículo"", ""atrs"": {""tipo"": ""indeterminado"", ""género"": ""masculino"", ""número"": ""singular"", ""forma"": ""ninguna""}}, {""id"": ""n1_05_05"", ""texto"": ""libro"", ""cat"": ""Sustantivo"", ""atrs"": {""subtipo"": ""común"", ""género"": ""masculino"", ""número"": ""singular"", ""comun_sub"": ""contable"", ""ind_col"": ""individual"", ""conc_abs"": ""concreto""}}, {""id"": ""n1_05_06"", ""texto"": ""interesante"", ""cat"": ""Adjetivo"", ""atrs"": {""subtipo"": ""calificativo"", ""género"": ""invariable"", ""número"": ""singular"", ""grado"": ""positivo""}}, {""id"": ""n1_05_07"", ""texto"": ""."", ""cat"": ""Puntuación"", ""atrs"": {}}]"	
josele-n1	El sol brilla sobre las montañas.	n1	"[{""id"": ""n1_06_01"", ""texto"": ""El"", ""cat"": ""Artículo"", ""atrs"": {""tipo"": ""determinado"", ""género"": ""masculino"", ""número"": ""singular"", ""forma"": ""ninguna""}}, {""id"": ""n1_06_02"", ""texto"": ""sol"", ""cat"": ""Sustantivo"", ""atrs"": {""subtipo"": ""común"", ""género"": ""masculino"", ""número"": ""singular"", ""comun_sub"": ""contable"", ""ind_col"": ""individual"", ""conc_abs"": ""concreto""}}, {""id"": ""n1_06_03"", ""texto"": ""brilla"", ""cat"": ""Verbo"", ""atrs"": {""perífrasis"": ""no"", ""conjugación"": ""primera"", ""persona"": ""tercera persona"", ""número"": ""singular"", ""tiempo"": ""presente"", ""modo"": ""indicativo"", ""aspecto"": ""imperfectivo"", ""voz"": ""activa""}}, {""id"": ""n1_06_04"", ""texto"": ""sobre"", ""cat"": ""Preposición"", ""atrs"": {""tipo"": ""simple""}}, {""id"": ""n1_06_05"", ""texto"": ""las"", ""cat"": ""Artículo"", ""atrs"": {""tipo"": ""determinado"", ""género"": ""femenino"", ""número"": ""plural"", ""forma"": ""ninguna""}}, {""id"": ""n1_06_06"", ""texto"": ""montañas"", ""cat"": ""Sustantivo"", ""atrs"": {""subtipo"": ""común"", ""género"": ""femenino"", ""número"": ""plural"", ""comun_sub"": ""contable"", ""ind_col"": ""individual"", ""conc_abs"": ""concreto""}}, {""id"": ""n1_06_07"", ""texto"": ""."", ""cat"": ""Puntuación"", ""atrs"": {}}]"	
josele-n1	Mi padre cocina una tortilla deliciosa.	n1	"[{""id"": ""n1_07_01"", ""texto"": ""Mi"", ""cat"": ""Posesivo"", ""atrs"": {""función"": ""determinante"", ""persona"": ""primera persona"", ""poseedores"": ""un poseedor"", ""género"": ""invariable"", ""número"": ""singular""}}, {""id"": ""n1_07_02"", ""texto"": ""padre"", ""cat"": ""Sustantivo"", ""atrs"": {""subtipo"": ""común"", ""género"": ""masculino"", ""número"": ""singular"", ""comun_sub"": ""contable"", ""ind_col"": ""individual"", ""conc_abs"": ""concreto""}}, {""id"": ""n1_07_03"", ""texto"": ""cocina"", ""cat"": ""Verbo"", ""atrs"": {""perífrasis"": ""no"", ""conjugación"": ""primera"", ""persona"": ""tercera persona"", ""número"": ""singular"", ""tiempo"": ""presente"", ""modo"": ""indicativo"", ""aspecto"": ""imperfectivo"", ""voz"": ""activa""}}, {""id"": ""n1_07_04"", ""texto"": ""una"", ""cat"": ""Artículo"", ""atrs"": {""tipo"": ""indeterminado"", ""género"": ""femenino"", ""número"": ""singular"", ""forma"": ""ninguna""}}, {""id"": ""n1_07_05"", ""texto"": ""tortilla"", ""cat"": ""Sustantivo"", ""atrs"": {""subtipo"": ""común"", ""género"": ""femenino"", ""número"": ""singular"", ""comun_sub"": ""contable"", ""ind_col"": ""individual"", ""conc_abs"": ""concreto""}}, {""id"": ""n1_07_06"", ""texto"": ""deliciosa"", ""cat"": ""Adjetivo"", ""atrs"": {""subtipo"": ""calificativo"", ""género"": ""femenino"", ""número"": ""singular"", ""grado"": ""positivo""}}, {""id"": ""n1_07_07"", ""texto"": ""."", ""cat"": ""Puntuación"", ""atrs"": {}}]"	
josele-n1	El tren llegó tarde a la estación.	n1	"[{""id"": ""n1_08_01"", ""texto"": ""El"", ""cat"": ""Artículo"", ""atrs"": {""tipo"": ""determinado"", ""género"": ""masculino"", ""número"": ""singular"", ""forma"": ""ninguna""}}, {""id"": ""n1_08_02"", ""texto"": ""tren"", ""cat"": ""Sustantivo"", ""atrs"": {""subtipo"": ""común"", ""género"": ""masculino"", ""número"": ""singular"", ""comun_sub"": ""contable"", ""ind_col"": ""individual"", ""conc_abs"": ""concreto""}}, {""id"": ""n1_08_03"", ""texto"": ""llegó"", ""cat"": ""Verbo"", ""atrs"": {""perífrasis"": ""no"", ""conjugación"": ""primera"", ""persona"": ""tercera persona"", ""número"": ""singular"", ""tiempo"": ""pretérito perfecto simple"", ""modo"": ""indicativo"", ""aspecto"": ""perfectivo"", ""voz"": ""activa""}}, {""id"": ""n1_08_04"", ""texto"": ""tarde"", ""cat"": ""Adverbio"", ""atrs"": {""tipo"": ""tiempo""}}, {""id"": ""n1_08_05"", ""texto"": ""a"", ""cat"": ""Preposición"", ""atrs"": {""tipo"": ""simple""}}, {""id"": ""n1_08_06"", ""texto"": ""la"", ""cat"": ""Artículo"", ""atrs"": {""tipo"": ""determinado"", ""género"": ""femenino"", ""número"": ""singular"", ""forma"": ""ninguna""}}, {""id"": ""n1_08_07"", ""texto"": ""estación"", ""cat"": ""Sustantivo"", ""atrs"": {""subtipo"": ""común"", ""género"": ""femenino"", ""número"": ""singular"", ""comun_sub"": ""contable"", ""ind_col"": ""individual"", ""conc_abs"": ""concreto""}}, {""id"": ""n1_08_08"", ""texto"": ""."", ""cat"": ""Puntuación"", ""atrs"": {}}]"	
josele-n1	Los niños juegan en el patio.	n1	"[{""id"": ""n1_09_01"", ""texto"": ""Los"", ""cat"": ""Artículo"", ""atrs"": {""tipo"": ""determinado"", ""género"": ""masculino"", ""número"": ""plural"", ""forma"": ""ninguna""}}, {""id"": ""n1_09_02"", ""texto"": ""niños"", ""cat"": ""Sustantivo"", ""atrs"": {""subtipo"": ""común"", ""género"": ""masculino"", ""número"": ""plural"", ""comun_sub"": ""contable"", ""ind_col"": ""individual"", ""conc_abs"": ""concreto""}}, {""id"": ""n1_09_03"", ""texto"": ""juegan"", ""cat"": ""Verbo"", ""atrs"": {""perífrasis"": ""no"", ""conjugación"": ""primera"", ""persona"": ""tercera persona"", ""número"": ""plural"", ""tiempo"": ""presente"", ""modo"": ""indicativo"", ""aspecto"": ""imperfectivo"", ""voz"": ""activa""}}, {""id"": ""n1_09_04"", ""texto"": ""en"", ""cat"": ""Preposición"", ""atrs"": {""tipo"": ""simple""}}, {""id"": ""n1_09_05"", ""texto"": ""el"", ""cat"": ""Artículo"", ""atrs"": {""tipo"": ""determinado"", ""género"": ""masculino"", ""número"": ""singular"", ""forma"": ""ninguna""}}, {""id"": ""n1_09_06"", ""texto"": ""patio"", ""cat"": ""Sustantivo"", ""atrs"": {""subtipo"": ""común"", ""género"": ""masculino"", ""número"": ""singular"", ""comun_sub"": ""contable"", ""ind_col"": ""individual"", ""conc_abs"": ""concreto""}}, {""id"": ""n1_09_07"", ""texto"": ""."", ""cat"": ""Puntuación"", ""atrs"": {}}]"	
josele-n1	La profesora corrige los exámenes.	n1	"[{""id"": ""n1_10_01"", ""texto"": ""La"", ""cat"": ""Artículo"", ""atrs"": {""tipo"": ""determinado"", ""género"": ""femenino"", ""número"": ""singular"", ""forma"": ""ninguna""}}, {""id"": ""n1_10_02"", ""texto"": ""profesora"", ""cat"": ""Sustantivo"", ""atrs"": {""subtipo"": ""común"", ""género"": ""femenino"", ""número"": ""singular"", ""comun_sub"": ""contable"", ""ind_col"": ""individual"", ""conc_abs"": ""concreto""}}, {""id"": ""n1_10_03"", ""texto"": ""corrige"", ""cat"": ""Verbo"", ""atrs"": {""perífrasis"": ""no"", ""conjugación"": ""tercera"", ""persona"": ""tercera persona"", ""número"": ""singular"", ""tiempo"": ""presente"", ""modo"": ""indicativo"", ""aspecto"": ""imperfectivo"", ""voz"": ""activa""}}, {""id"": ""n1_10_04"", ""texto"": ""los"", ""cat"": ""Artículo"", ""atrs"": {""tipo"": ""determinado"", ""género"": ""masculino"", ""número"": ""plural"", ""forma"": ""ninguna""}}, {""id"": ""n1_10_05"", ""texto"": ""exámenes"", ""cat"": ""Sustantivo"", ""atrs"": {""subtipo"": ""común"", ""género"": ""masculino"", ""número"": ""plural"", ""comun_sub"": ""contable"", ""ind_col"": ""individual"", ""conc_abs"": ""concreto""}}, {""id"": ""n1_10_06"", ""texto"": ""."", ""cat"": ""Puntuación"", ""atrs"": {}}]"	
josele-n1	Elena compró un vestido azul.	n1	"[{""id"": ""n1_11_01"", ""texto"": ""Elena"", ""cat"": ""Sustantivo"", ""atrs"": {""subtipo"": ""propio"", ""género"": ""femenino"", ""número"": ""singular""}}, {""id"": ""n1_11_02"", ""texto"": ""compró"", ""cat"": ""Verbo"", ""atrs"": {""perífrasis"": ""no"", ""conjugación"": ""primera"", ""persona"": ""tercera persona"", ""número"": ""singular"", ""tiempo"": ""pretérito perfecto simple"", ""modo"": ""indicativo"", ""aspecto"": ""perfectivo"", ""voz"": ""activa""}}, {""id"": ""n1_11_03"", ""texto"": ""un"", ""cat"": ""Artículo"", ""atrs"": {""tipo"": ""indeterminado"", ""género"": ""masculino"", ""número"": ""singular"", ""forma"": ""ninguna""}}, {""id"": ""n1_11_04"", ""texto"": ""vestido"", ""cat"": ""Sustantivo"", ""atrs"": {""subtipo"": ""común"", ""género"": ""masculino"", ""número"": ""singular"", ""comun_sub"": ""contable"", ""ind_col"": ""individual"", ""conc_abs"": ""concreto""}}, {""id"": ""n1_11_05"", ""texto"": ""azul"", ""cat"": ""Adjetivo"", ""atrs"": {""subtipo"": ""calificativo"", ""género"": ""invariable"", ""número"": ""singular"", ""grado"": ""positivo""}}, {""id"": ""n1_11_06"", ""texto"": ""."", ""cat"": ""Puntuación"", ""atrs"": {}}]"	
josele-n1	El viento mueve las hojas secas.	n1	"[{""id"": ""n1_12_01"", ""texto"": ""El"", ""cat"": ""Artículo"", ""atrs"": {""tipo"": ""determinado"", ""género"": ""masculino"", ""número"": ""singular"", ""forma"": ""ninguna""}}, {""id"": ""n1_12_02"", ""texto"": ""viento"", ""cat"": ""Sustantivo"", ""atrs"": {""subtipo"": ""común"", ""género"": ""masculino"", ""número"": ""singular"", ""comun_sub"": ""contable"", ""ind_col"": ""individual"", ""conc_abs"": ""concreto""}}, {""id"": ""n1_12_03"", ""texto"": ""mueve"", ""cat"": ""Verbo"", ""atrs"": {""perífrasis"": ""no"", ""conjugación"": ""segunda"", ""persona"": ""tercera persona"", ""número"": ""singular"", ""tiempo"": ""presente"", ""modo"": ""indicativo"", ""aspecto"": ""imperfectivo"", ""voz"": ""activa""}}, {""id"": ""n1_12_04"", ""texto"": ""las"", ""cat"": ""Artículo"", ""atrs"": {""tipo"": ""determinado"", ""género"": ""femenino"", ""número"": ""plural"", ""forma"": ""ninguna""}}, {""id"": ""n1_12_05"", ""texto"": ""hojas"", ""cat"": ""Sustantivo"", ""atrs"": {""subtipo"": ""común"", ""género"": ""femenino"", ""número"": ""plural"", ""comun_sub"": ""contable"", ""ind_col"": ""individual"", ""conc_abs"": ""concreto""}}, {""id"": ""n1_12_06"", ""texto"": ""secas"", ""cat"": ""Adjetivo"", ""atrs"": {""subtipo"": ""calificativo"", ""género"": ""femenino"", ""número"": ""plural"", ""grado"": ""positivo""}}, {""id"": ""n1_12_07"", ""texto"": ""."", ""cat"": ""Puntuación"", ""atrs"": {}}]"	
josele-n1	Los peces nadan en el río claro.	n1	"[{""id"": ""n1_13_01"", ""texto"": ""Los"", ""cat"": ""Artículo"", ""atrs"": {""tipo"": ""determinado"", ""género"": ""masculino"", ""número"": ""plural"", ""forma"": ""ninguna""}}, {""id"": ""n1_13_02"", ""texto"": ""peces"", ""cat"": ""Sustantivo"", ""atrs"": {""subtipo"": ""común"", ""género"": ""masculino"", ""número"": ""plural"", ""comun_sub"": ""contable"", ""ind_col"": ""individual"", ""conc_abs"": ""concreto""}}, {""id"": ""n1_13_03"", ""texto"": ""nadan"", ""cat"": ""Verbo"", ""atrs"": {""perífrasis"": ""no"", ""conjugación"": ""primera"", ""persona"": ""tercera persona"", ""número"": ""plural"", ""tiempo"": ""presente"", ""modo"": ""indicativo"", ""aspecto"": ""imperfectivo"", ""voz"": ""activa""}}, {""id"": ""n1_13_04"", ""texto"": ""en"", ""cat"": ""Preposición"", ""atrs"": {""tipo"": ""simple""}}, {""id"": ""n1_13_05"", ""texto"": ""el"", ""cat"": ""Artículo"", ""atrs"": {""tipo"": ""determinado"", ""género"": ""masculino"", ""número"": ""singular"", ""forma"": ""ninguna""}}, {""id"": ""n1_13_06"", ""texto"": ""río"", ""cat"": ""Sustantivo"", ""atrs"": {""subtipo"": ""común"", ""género"": ""masculino"", ""número"": ""singular"", ""comun_sub"": ""contable"", ""ind_col"": ""individual"", ""conc_abs"": ""concreto""}}, {""id"": ""n1_13_07"", ""texto"": ""claro"", ""cat"": ""Adjetivo"", ""atrs"": {""subtipo"": ""calificativo"", ""género"": ""masculino"", ""número"": ""singular"", ""grado"": ""positivo""}}, {""id"": ""n1_13_08"", ""texto"": ""."", ""cat"": ""Puntuación"", ""atrs"": {}}]"	
josele-n1	Carlos escribe una carta larga.	n1	"[{""id"": ""n1_14_01"", ""texto"": ""Carlos"", ""cat"": ""Sustantivo"", ""atrs"": {""subtipo"": ""propio"", ""género"": ""masculino"", ""número"": ""singular""}}, {""id"": ""n1_14_02"", ""texto"": ""escribe"", ""cat"": ""Verbo"", ""atrs"": {""perífrasis"": ""no"", ""conjugación"": ""tercera"", ""persona"": ""tercera persona"", ""número"": ""singular"", ""tiempo"": ""presente"", ""modo"": ""indicativo"", ""aspecto"": ""imperfectivo"", ""voz"": ""activa""}}, {""id"": ""n1_14_03"", ""texto"": ""una"", ""cat"": ""Artículo"", ""atrs"": {""tipo"": ""indeterminado"", ""género"": ""femenino"", ""número"": ""singular"", ""forma"": ""ninguna""}}, {""id"": ""n1_14_04"", ""texto"": ""carta"", ""cat"": ""Sustantivo"", ""atrs"": {""subtipo"": ""común"", ""género"": ""femenino"", ""número"": ""singular"", ""comun_sub"": ""contable"", ""ind_col"": ""individual"", ""conc_abs"": ""concreto""}}, {""id"": ""n1_14_05"", ""texto"": ""larga"", ""cat"": ""Adjetivo"", ""atrs"": {""subtipo"": ""calificativo"", ""género"": ""femenino"", ""número"": ""singular"", ""grado"": ""positivo""}}, {""id"": ""n1_14_06"", ""texto"": ""."", ""cat"": ""Puntuación"", ""atrs"": {}}]"	
josele-n1	La luna ilumina el cielo oscuro.	n1	"[{""id"": ""n1_15_01"", ""texto"": ""La"", ""cat"": ""Artículo"", ""atrs"": {""tipo"": ""determinado"", ""género"": ""femenino"", ""número"": ""singular"", ""forma"": ""ninguna""}}, {""id"": ""n1_15_02"", ""texto"": ""luna"", ""cat"": ""Sustantivo"", ""atrs"": {""subtipo"": ""común"", ""género"": ""femenino"", ""número"": ""singular"", ""comun_sub"": ""contable"", ""ind_col"": ""individual"", ""conc_abs"": ""concreto""}}, {""id"": ""n1_15_03"", ""texto"": ""ilumina"", ""cat"": ""Verbo"", ""atrs"": {""perífrasis"": ""no"", ""conjugación"": ""primera"", ""persona"": ""tercera persona"", ""número"": ""singular"", ""tiempo"": ""presente"", ""modo"": ""indicativo"", ""aspecto"": ""imperfectivo"", ""voz"": ""activa""}}, {""id"": ""n1_15_04"", ""texto"": ""el"", ""cat"": ""Artículo"", ""atrs"": {""tipo"": ""determinado"", ""género"": ""masculino"", ""número"": ""singular"", ""forma"": ""ninguna""}}, {""id"": ""n1_15_05"", ""texto"": ""cielo"", ""cat"": ""Sustantivo"", ""atrs"": {""subtipo"": ""común"", ""género"": ""masculino"", ""número"": ""singular"", ""comun_sub"": ""contable"", ""ind_col"": ""individual"", ""conc_abs"": ""concreto""}}, {""id"": ""n1_15_06"", ""texto"": ""oscuro"", ""cat"": ""Adjetivo"", ""atrs"": {""subtipo"": ""calificativo"", ""género"": ""masculino"", ""número"": ""singular"", ""grado"": ""positivo""}}, {""id"": ""n1_15_07"", ""texto"": ""."", ""cat"": ""Puntuación"", ""atrs"": {}}]"	
josele-n1	Los alumnos de segundo curso presentaron su trabajo final ante toda la clase.	n1	"[{""id"": ""n1_16_01"", ""texto"": ""Los"", ""cat"": ""Artículo"", ""atrs"": {""tipo"": ""determinado"", ""género"": ""masculino"", ""número"": ""plural"", ""forma"": ""ninguna""}}, {""id"": ""n1_16_02"", ""texto"": ""alumnos"", ""cat"": ""Sustantivo"", ""atrs"": {""subtipo"": ""común"", ""género"": ""masculino"", ""número"": ""plural"", ""comun_sub"": ""contable"", ""ind_col"": ""individual"", ""conc_abs"": ""concreto""}}, {""id"": ""n1_16_03"", ""texto"": ""de"", ""cat"": ""Preposición"", ""atrs"": {""tipo"": ""simple""}}, {""id"": ""n1_16_04"", ""texto"": ""segundo"", ""cat"": ""Cuantificador"", ""atrs"": {""tipo"": ""numeral"", ""función_sint"": ""adjetivo"", ""género"": ""masculino"", ""número"": ""singular"", ""subtipo_num"": ""ordinal""}}, {""id"": ""n1_16_05"", ""texto"": ""curso"", ""cat"": ""Sustantivo"", ""atrs"": {""subtipo"": ""común"", ""género"": ""masculino"", ""número"": ""singular"", ""comun_sub"": ""contable"", ""ind_col"": ""individual"", ""conc_abs"": ""concreto""}}, {""id"": ""n1_16_06"", ""texto"": ""presentaron"", ""cat"": ""Verbo"", ""atrs"": {""perífrasis"": ""no"", ""conjugación"": ""primera"", ""persona"": ""tercera persona"", ""número"": ""plural"", ""tiempo"": ""pretérito perfecto simple"", ""modo"": ""indicativo"", ""aspecto"": ""perfectivo"", ""voz"": ""activa""}}, {""id"": ""n1_16_07"", ""texto"": ""su"", ""cat"": ""Posesivo"", ""atrs"": {""función"": ""determinante"", ""persona"": ""tercera persona"", ""poseedores"": ""varios poseedores"", ""género"": ""invariable"", ""número"": ""singular""}}, {""id"": ""n1_16_08"", ""texto"": ""trabajo"", ""cat"": ""Sustantivo"", ""atrs"": {""subtipo"": ""común"", ""género"": ""masculino"", ""número"": ""singular"", ""comun_sub"": ""contable"", ""ind_col"": ""individual"", ""conc_abs"": ""abstracto""}}, {""id"": ""n1_16_09"", ""texto"": ""final"", ""cat"": ""Adjetivo"", ""atrs"": {""subtipo"": ""calificativo"", ""género"": ""invariable"", ""número"": ""singular"", ""grado"": ""positivo""}}, {""id"": ""n1_16_10"", ""texto"": ""ante"", ""cat"": ""Preposición"", ""atrs"": {""tipo"": ""simple""}}, {""id"": ""n1_16_11"", ""texto"": ""toda"", ""cat"": ""Cuantificador"", ""atrs"": {""tipo"": ""indefinido"", ""función_sint"": ""determinante"", ""género"": ""femenino"", ""número"": ""singular"", ""subtipo_ind"": ""universal""}}, {""id"": ""n1_16_12"", ""texto"": ""la"", ""cat"": ""Artículo"", ""atrs"": {""tipo"": ""determinado"", ""género"": ""femenino"", ""número"": ""singular"", ""forma"": ""ninguna""}}, {""id"": ""n1_16_13"", ""texto"": ""clase"", ""cat"": ""Sustantivo"", ""atrs"": {""subtipo"": ""común"", ""género"": ""femenino"", ""número"": ""singular"", ""comun_sub"": ""contable"", ""ind_col"": ""individual"", ""conc_abs"": ""concreto""}}, {""id"": ""n1_16_14"", ""texto"": ""."", ""cat"": ""Puntuación"", ""atrs"": {}}]"	
josele-n1	Mi abuela guarda fotografías antiguas dentro de una caja de madera.	n1	"[{""id"": ""n1_17_01"", ""texto"": ""Mi"", ""cat"": ""Posesivo"", ""atrs"": {""función"": ""determinante"", ""persona"": ""primera persona"", ""poseedores"": ""un poseedor"", ""género"": ""invariable"", ""número"": ""singular""}}, {""id"": ""n1_17_02"", ""texto"": ""abuela"", ""cat"": ""Sustantivo"", ""atrs"": {""subtipo"": ""común"", ""género"": ""femenino"", ""número"": ""singular"", ""comun_sub"": ""contable"", ""ind_col"": ""individual"", ""conc_abs"": ""concreto""}}, {""id"": ""n1_17_03"", ""texto"": ""guarda"", ""cat"": ""Verbo"", ""atrs"": {""perífrasis"": ""no"", ""conjugación"": ""primera"", ""persona"": ""tercera persona"", ""número"": ""singular"", ""tiempo"": ""presente"", ""modo"": ""indicativo"", ""aspecto"": ""imperfectivo"", ""voz"": ""activa""}}, {""id"": ""n1_17_04"", ""texto"": ""fotografías"", ""cat"": ""Sustantivo"", ""atrs"": {""subtipo"": ""común"", ""género"": ""femenino"", ""número"": ""plural"", ""comun_sub"": ""contable"", ""ind_col"": ""individual"", ""conc_abs"": ""concreto""}}, {""id"": ""n1_17_05"", ""texto"": ""antiguas"", ""cat"": ""Adjetivo"", ""atrs"": {""subtipo"": ""calificativo"", ""género"": ""femenino"", ""número"": ""plural"", ""grado"": ""positivo""}}, {""id"": ""n1_17_06"", ""texto"": ""dentro"", ""cat"": ""Adverbio"", ""atrs"": {""tipo"": ""lugar""}}, {""id"": ""n1_17_07"", ""texto"": ""de"", ""cat"": ""Preposición"", ""atrs"": {""tipo"": ""simple""}}, {""id"": ""n1_17_08"", ""texto"": ""una"", ""cat"": ""Artículo"", ""atrs"": {""tipo"": ""indeterminado"", ""género"": ""femenino"", ""número"": ""singular"", ""forma"": ""ninguna""}}, {""id"": ""n1_17_09"", ""texto"": ""caja"", ""cat"": ""Sustantivo"", ""atrs"": {""subtipo"": ""común"", ""género"": ""femenino"", ""número"": ""singular"", ""comun_sub"": ""contable"", ""ind_col"": ""individual"", ""conc_abs"": ""concreto""}}, {""id"": ""n1_17_10"", ""texto"": ""de"", ""cat"": ""Preposición"", ""atrs"": {""tipo"": ""simple""}}, {""id"": ""n1_17_11"", ""texto"": ""madera"", ""cat"": ""Sustantivo"", ""atrs"": {""subtipo"": ""común"", ""género"": ""femenino"", ""número"": ""singular"", ""comun_sub"": ""no contable"", ""ind_col"": ""individual"", ""conc_abs"": ""concreto""}}, {""id"": ""n1_17_12"", ""texto"": ""."", ""cat"": ""Puntuación"", ""atrs"": {}}]"	
josele-n1	El profesor explicó la lección con ejemplos muy claros esta mañana.	n1	"[{""id"": ""n1_18_01"", ""texto"": ""El"", ""cat"": ""Artículo"", ""atrs"": {""tipo"": ""determinado"", ""género"": ""masculino"", ""número"": ""singular"", ""forma"": ""ninguna""}}, {""id"": ""n1_18_02"", ""texto"": ""profesor"", ""cat"": ""Sustantivo"", ""atrs"": {""subtipo"": ""común"", ""género"": ""masculino"", ""número"": ""singular"", ""comun_sub"": ""contable"", ""ind_col"": ""individual"", ""conc_abs"": ""concreto""}}, {""id"": ""n1_18_03"", ""texto"": ""explicó"", ""cat"": ""Verbo"", ""atrs"": {""perífrasis"": ""no"", ""conjugación"": ""primera"", ""persona"": ""tercera persona"", ""número"": ""singular"", ""tiempo"": ""pretérito perfecto simple"", ""modo"": ""indicativo"", ""aspecto"": ""perfectivo"", ""voz"": ""activa""}}, {""id"": ""n1_18_04"", ""texto"": ""la"", ""cat"": ""Artículo"", ""atrs"": {""tipo"": ""determinado"", ""género"": ""femenino"", ""número"": ""singular"", ""forma"": ""ninguna""}}, {""id"": ""n1_18_05"", ""texto"": ""lección"", ""cat"": ""Sustantivo"", ""atrs"": {""subtipo"": ""común"", ""género"": ""femenino"", ""número"": ""singular"", ""comun_sub"": ""contable"", ""ind_col"": ""individual"", ""conc_abs"": ""abstracto""}}, {""id"": ""n1_18_06"", ""texto"": ""con"", ""cat"": ""Preposición"", ""atrs"": {""tipo"": ""simple""}}, {""id"": ""n1_18_07"", ""texto"": ""ejemplos"", ""cat"": ""Sustantivo"", ""atrs"": {""subtipo"": ""común"", ""género"": ""masculino"", ""número"": ""plural"", ""comun_sub"": ""contable"", ""ind_col"": ""individual"", ""conc_abs"": ""concreto""}}, {""id"": ""n1_18_08"", ""texto"": ""muy"", ""cat"": ""Adverbio"", ""atrs"": {""tipo"": ""cantidad""}}, {""id"": ""n1_18_09"", ""texto"": ""claros"", ""cat"": ""Adjetivo"", ""atrs"": {""subtipo"": ""calificativo"", ""género"": ""masculino"", ""número"": ""plural"", ""grado"": ""superlativo absoluto""}}, {""id"": ""n1_18_10"", ""texto"": ""esta"", ""cat"": ""Demostrativo"", ""atrs"": {""función"": ""determinante"", ""cercanía"": ""cercanía al hablante"", ""género"": ""femenino"", ""número"": ""singular""}}, {""id"": ""n1_18_11"", ""texto"": ""mañana"", ""cat"": ""Sustantivo"", ""atrs"": {""subtipo"": ""común"", ""género"": ""femenino"", ""número"": ""singular"", ""comun_sub"": ""contable"", ""ind_col"": ""individual"", ""conc_abs"": ""concreto""}}, {""id"": ""n1_18_12"", ""texto"": ""."", ""cat"": ""Puntuación"", ""atrs"": {}}]"	
josele-n1	Un perro pequeño ladró furiosamente detrás de la valla del jardín.	n1	"[{""id"": ""n1_19_01"", ""texto"": ""Un"", ""cat"": ""Artículo"", ""atrs"": {""tipo"": ""indeterminado"", ""género"": ""masculino"", ""número"": ""singular"", ""forma"": ""ninguna""}}, {""id"": ""n1_19_02"", ""texto"": ""perro"", ""cat"": ""Sustantivo"", ""atrs"": {""subtipo"": ""común"", ""género"": ""masculino"", ""número"": ""singular"", ""comun_sub"": ""contable"", ""ind_col"": ""individual"", ""conc_abs"": ""concreto""}}, {""id"": ""n1_19_03"", ""texto"": ""pequeño"", ""cat"": ""Adjetivo"", ""atrs"": {""subtipo"": ""calificativo"", ""género"": ""masculino"", ""número"": ""singular"", ""grado"": ""positivo""}}, {""id"": ""n1_19_04"", ""texto"": ""ladró"", ""cat"": ""Verbo"", ""atrs"": {""perífrasis"": ""no"", ""conjugación"": ""primera"", ""persona"": ""tercera persona"", ""número"": ""singular"", ""tiempo"": ""pretérito perfecto simple"", ""modo"": ""indicativo"", ""aspecto"": ""perfectivo"", ""voz"": ""activa""}}, {""id"": ""n1_19_05"", ""texto"": ""furiosamente"", ""cat"": ""Adverbio"", ""atrs"": {""tipo"": ""modo""}}, {""id"": ""n1_19_06"", ""texto"": ""detrás"", ""cat"": ""Adverbio"", ""atrs"": {""tipo"": ""lugar""}}, {""id"": ""n1_19_07"", ""texto"": ""de"", ""cat"": ""Preposición"", ""atrs"": {""tipo"": ""simple""}}, {""id"": ""n1_19_08"", ""texto"": ""la"", ""cat"": ""Artículo"", ""atrs"": {""tipo"": ""determinado"", ""género"": ""femenino"", ""número"": ""singular"", ""forma"": ""ninguna""}}, {""id"": ""n1_19_09"", ""texto"": ""valla"", ""cat"": ""Sustantivo"", ""atrs"": {""subtipo"": ""común"", ""género"": ""femenino"", ""número"": ""singular"", ""comun_sub"": ""contable"", ""ind_col"": ""individual"", ""conc_abs"": ""concreto""}}, {""id"": ""n1_19_10"", ""texto"": ""del"", ""cat"": ""Artículo"", ""atrs"": {""tipo"": ""determinado"", ""género"": ""masculino"", ""número"": ""singular"", ""forma"": ""contracta""}}, {""id"": ""n1_19_11"", ""texto"": ""jardín"", ""cat"": ""Sustantivo"", ""atrs"": {""subtipo"": ""común"", ""género"": ""masculino"", ""número"": ""singular"", ""comun_sub"": ""contable"", ""ind_col"": ""individual"", ""conc_abs"": ""concreto""}}, {""id"": ""n1_19_12"", ""texto"": ""."", ""cat"": ""Puntuación"", ""atrs"": {}}]"	
josele-n1	La biblioteca municipal ofrece talleres gratuitos para los estudiantes jóvenes.	n1	"[{""id"": ""n1_20_01"", ""texto"": ""La"", ""cat"": ""Artículo"", ""atrs"": {""tipo"": ""determinado"", ""género"": ""femenino"", ""número"": ""singular"", ""forma"": ""ninguna""}}, {""id"": ""n1_20_02"", ""texto"": ""biblioteca"", ""cat"": ""Sustantivo"", ""atrs"": {""subtipo"": ""común"", ""género"": ""femenino"", ""número"": ""singular"", ""comun_sub"": ""contable"", ""ind_col"": ""individual"", ""conc_abs"": ""concreto""}}, {""id"": ""n1_20_03"", ""texto"": ""municipal"", ""cat"": ""Adjetivo"", ""atrs"": {""subtipo"": ""relacional"", ""género"": ""invariable"", ""número"": ""singular""}}, {""id"": ""n1_20_04"", ""texto"": ""ofrece"", ""cat"": ""Verbo"", ""atrs"": {""perífrasis"": ""no"", ""conjugación"": ""segunda"", ""persona"": ""tercera persona"", ""número"": ""singular"", ""tiempo"": ""presente"", ""modo"": ""indicativo"", ""aspecto"": ""imperfectivo"", ""voz"": ""activa""}}, {""id"": ""n1_20_05"", ""texto"": ""talleres"", ""cat"": ""Sustantivo"", ""atrs"": {""subtipo"": ""común"", ""género"": ""masculino"", ""número"": ""plural"", ""comun_sub"": ""contable"", ""ind_col"": ""individual"", ""conc_abs"": ""concreto""}}, {""id"": ""n1_20_06"", ""texto"": ""gratuitos"", ""cat"": ""Adjetivo"", ""atrs"": {""subtipo"": ""calificativo"", ""género"": ""masculino"", ""número"": ""plural"", ""grado"": ""positivo""}}, {""id"": ""n1_20_07"", ""texto"": ""para"", ""cat"": ""Preposición"", ""atrs"": {""tipo"": ""simple""}}, {""id"": ""n1_20_08"", ""texto"": ""los"", ""cat"": ""Artículo"", ""atrs"": {""tipo"": ""determinado"", ""género"": ""masculino"", ""número"": ""plural"", ""forma"": ""ninguna""}}, {""id"": ""n1_20_09"", ""texto"": ""estudiantes"", ""cat"": ""Sustantivo"", ""atrs"": {""subtipo"": ""común"", ""género"": ""masculino"", ""número"": ""plural"", ""comun_sub"": ""contable"", ""ind_col"": ""individual"", ""conc_abs"": ""concreto""}}, {""id"": ""n1_20_10"", ""texto"": ""jóvenes"", ""cat"": ""Adjetivo"", ""atrs"": {""subtipo"": ""calificativo"", ""género"": ""invariable"", ""número"": ""plural"", ""grado"": ""positivo""}}, {""id"": ""n1_20_11"", ""texto"": ""."", ""cat"": ""Puntuación"", ""atrs"": {}}]"	
josele-n1	Durante el verano pasado visitamos varios pueblos de la sierra murciana.	n1	"[{""id"": ""n1_21_01"", ""texto"": ""Durante"", ""cat"": ""Preposición"", ""atrs"": {""tipo"": ""simple""}}, {""id"": ""n1_21_02"", ""texto"": ""el"", ""cat"": ""Artículo"", ""atrs"": {""tipo"": ""determinado"", ""género"": ""masculino"", ""número"": ""singular"", ""forma"": ""ninguna""}}, {""id"": ""n1_21_03"", ""texto"": ""verano"", ""cat"": ""Sustantivo"", ""atrs"": {""subtipo"": ""común"", ""género"": ""masculino"", ""número"": ""singular"", ""comun_sub"": ""contable"", ""ind_col"": ""individual"", ""conc_abs"": ""concreto""}}, {""id"": ""n1_21_04"", ""texto"": ""pasado"", ""cat"": ""Adjetivo"", ""atrs"": {""subtipo"": ""calificativo"", ""género"": ""masculino"", ""número"": ""singular"", ""grado"": ""positivo""}}, {""id"": ""n1_21_05"", ""texto"": ""visitamos"", ""cat"": ""Verbo"", ""atrs"": {""perífrasis"": ""no"", ""conjugación"": ""primera"", ""persona"": ""primera persona"", ""número"": ""plural"", ""tiempo"": ""pretérito perfecto simple"", ""modo"": ""indicativo"", ""aspecto"": ""perfectivo"", ""voz"": ""activa""}}, {""id"": ""n1_21_06"", ""texto"": ""varios"", ""cat"": ""Cuantificador"", ""atrs"": {""tipo"": ""indefinido"", ""función_sint"": ""determinante"", ""género"": ""masculino"", ""número"": ""plural"", ""subtipo_ind"": ""indefinido débil""}}, {""id"": ""n1_21_07"", ""texto"": ""pueblos"", ""cat"": ""Sustantivo"", ""atrs"": {""subtipo"": ""común"", ""género"": ""masculino"", ""número"": ""plural"", ""comun_sub"": ""contable"", ""ind_col"": ""individual"", ""conc_abs"": ""concreto""}}, {""id"": ""n1_21_08"", ""texto"": ""de"", ""cat"": ""Preposición"", ""atrs"": {""tipo"": ""simple""}}, {""id"": ""n1_21_09"", ""texto"": ""la"", ""cat"": ""Artículo"", ""atrs"": {""tipo"": ""determinado"", ""género"": ""femenino"", ""número"": ""singular"", ""forma"": ""ninguna""}}, {""id"": ""n1_21_10"", ""texto"": ""sierra"", ""cat"": ""Sustantivo"", ""atrs"": {""subtipo"": ""común"", ""género"": ""femenino"", ""número"": ""singular"", ""comun_sub"": ""contable"", ""ind_col"": ""individual"", ""conc_abs"": ""concreto""}}, {""id"": ""n1_21_11"", ""texto"": ""murciana"", ""cat"": ""Adjetivo"", ""atrs"": {""subtipo"": ""relacional"", ""género"": ""femenino"", ""número"": ""singular""}}, {""id"": ""n1_21_12"", ""texto"": ""."", ""cat"": ""Puntuación"", ""atrs"": {}}]"	
josele-n1	El panadero prepara cada madrugada el pan fresco del barrio entero.	n1	"[{""id"": ""n1_22_01"", ""texto"": ""El"", ""cat"": ""Artículo"", ""atrs"": {""tipo"": ""determinado"", ""género"": ""masculino"", ""número"": ""singular"", ""forma"": ""ninguna""}}, {""id"": ""n1_22_02"", ""texto"": ""panadero"", ""cat"": ""Sustantivo"", ""atrs"": {""subtipo"": ""común"", ""género"": ""masculino"", ""número"": ""singular"", ""comun_sub"": ""contable"", ""ind_col"": ""individual"", ""conc_abs"": ""concreto""}}, {""id"": ""n1_22_03"", ""texto"": ""prepara"", ""cat"": ""Verbo"", ""atrs"": {""perífrasis"": ""no"", ""conjugación"": ""primera"", ""persona"": ""tercera persona"", ""número"": ""singular"", ""tiempo"": ""presente"", ""modo"": ""indicativo"", ""aspecto"": ""imperfectivo"", ""voz"": ""activa""}}, {""id"": ""n1_22_04"", ""texto"": ""cada"", ""cat"": ""Cuantificador"", ""atrs"": {""tipo"": ""indefinido"", ""función_sint"": ""determinante"", ""género"": ""invariable"", ""número"": ""singular"", ""subtipo_ind"": ""universal""}}, {""id"": ""n1_22_05"", ""texto"": ""madrugada"", ""cat"": ""Sustantivo"", ""atrs"": {""subtipo"": ""común"", ""género"": ""femenino"", ""número"": ""singular"", ""comun_sub"": ""contable"", ""ind_col"": ""individual"", ""conc_abs"": ""concreto""}}, {""id"": ""n1_22_06"", ""texto"": ""el"", ""cat"": ""Artículo"", ""atrs"": {""tipo"": ""determinado"", ""género"": ""masculino"", ""número"": ""singular"", ""forma"": ""ninguna""}}, {""id"": ""n1_22_07"", ""texto"": ""pan"", ""cat"": ""Sustantivo"", ""atrs"": {""subtipo"": ""común"", ""género"": ""masculino"", ""número"": ""singular"", ""comun_sub"": ""no contable"", ""ind_col"": ""individual"", ""conc_abs"": ""concreto""}}, {""id"": ""n1_22_08"", ""texto"": ""fresco"", ""cat"": ""Adjetivo"", ""atrs"": {""subtipo"": ""calificativo"", ""género"": ""masculino"", ""número"": ""singular"", ""grado"": ""positivo""}}, {""id"": ""n1_22_09"", ""texto"": ""del"", ""cat"": ""Artículo"", ""atrs"": {""tipo"": ""determinado"", ""género"": ""masculino"", ""número"": ""singular"", ""forma"": ""contracta""}}, {""id"": ""n1_22_10"", ""texto"": ""barrio"", ""cat"": ""Sustantivo"", ""atrs"": {""subtipo"": ""común"", ""género"": ""masculino"", ""número"": ""singular"", ""comun_sub"": ""contable"", ""ind_col"": ""individual"", ""conc_abs"": ""concreto""}}, {""id"": ""n1_22_11"", ""texto"": ""entero"", ""cat"": ""Adjetivo"", ""atrs"": {""subtipo"": ""calificativo"", ""género"": ""masculino"", ""número"": ""singular"", ""grado"": ""positivo""}}, {""id"": ""n1_22_12"", ""texto"": ""."", ""cat"": ""Puntuación"", ""atrs"": {}}]"	
josele-n1	Los turistas fotografiaron el castillo desde la plaza principal del pueblo.	n1	"[{""id"": ""n1_23_01"", ""texto"": ""Los"", ""cat"": ""Artículo"", ""atrs"": {""tipo"": ""determinado"", ""género"": ""masculino"", ""número"": ""plural"", ""forma"": ""ninguna""}}, {""id"": ""n1_23_02"", ""texto"": ""turistas"", ""cat"": ""Sustantivo"", ""atrs"": {""subtipo"": ""común"", ""género"": ""masculino"", ""número"": ""plural"", ""comun_sub"": ""contable"", ""ind_col"": ""individual"", ""conc_abs"": ""concreto""}}, {""id"": ""n1_23_03"", ""texto"": ""fotografiaron"", ""cat"": ""Verbo"", ""atrs"": {""perífrasis"": ""no"", ""conjugación"": ""primera"", ""persona"": ""tercera persona"", ""número"": ""plural"", ""tiempo"": ""pretérito perfecto simple"", ""modo"": ""indicativo"", ""aspecto"": ""perfectivo"", ""voz"": ""activa""}}, {""id"": ""n1_23_04"", ""texto"": ""el"", ""cat"": ""Artículo"", ""atrs"": {""tipo"": ""determinado"", ""género"": ""masculino"", ""número"": ""singular"", ""forma"": ""ninguna""}}, {""id"": ""n1_23_05"", ""texto"": ""castillo"", ""cat"": ""Sustantivo"", ""atrs"": {""subtipo"": ""común"", ""género"": ""masculino"", ""número"": ""singular"", ""comun_sub"": ""contable"", ""ind_col"": ""individual"", ""conc_abs"": ""concreto""}}, {""id"": ""n1_23_06"", ""texto"": ""desde"", ""cat"": ""Preposición"", ""atrs"": {""tipo"": ""simple""}}, {""id"": ""n1_23_07"", ""texto"": ""la"", ""cat"": ""Artículo"", ""atrs"": {""tipo"": ""determinado"", ""género"": ""femenino"", ""número"": ""singular"", ""forma"": ""ninguna""}}, {""id"": ""n1_23_08"", ""texto"": ""plaza"", ""cat"": ""Sustantivo"", ""atrs"": {""subtipo"": ""común"", ""género"": ""femenino"", ""número"": ""singular"", ""comun_sub"": ""contable"", ""ind_col"": ""individual"", ""conc_abs"": ""concreto""}}, {""id"": ""n1_23_09"", ""texto"": ""principal"", ""cat"": ""Adjetivo"", ""atrs"": {""subtipo"": ""calificativo"", ""género"": ""invariable"", ""número"": ""singular"", ""grado"": ""positivo""}}, {""id"": ""n1_23_10"", ""texto"": ""del"", ""cat"": ""Artículo"", ""atrs"": {""tipo"": ""determinado"", ""género"": ""masculino"", ""número"": ""singular"", ""forma"": ""contracta""}}, {""id"": ""n1_23_11"", ""texto"": ""pueblo"", ""cat"": ""Sustantivo"", ""atrs"": {""subtipo"": ""común"", ""género"": ""masculino"", ""número"": ""singular"", ""comun_sub"": ""contable"", ""ind_col"": ""individual"", ""conc_abs"": ""concreto""}}, {""id"": ""n1_23_12"", ""texto"": ""."", ""cat"": ""Puntuación"", ""atrs"": {}}]"	
josele-n1	La orquesta interpretó una sinfonía preciosa en el teatro municipal.	n1	"[{""id"": ""n1_24_01"", ""texto"": ""La"", ""cat"": ""Artículo"", ""atrs"": {""tipo"": ""determinado"", ""género"": ""femenino"", ""número"": ""singular"", ""forma"": ""ninguna""}}, {""id"": ""n1_24_02"", ""texto"": ""orquesta"", ""cat"": ""Sustantivo"", ""atrs"": {""subtipo"": ""común"", ""género"": ""femenino"", ""número"": ""singular"", ""comun_sub"": ""contable"", ""ind_col"": ""colectivo"", ""conc_abs"": ""concreto""}}, {""id"": ""n1_24_03"", ""texto"": ""interpretó"", ""cat"": ""Verbo"", ""atrs"": {""perífrasis"": ""no"", ""conjugación"": ""primera"", ""persona"": ""tercera persona"", ""número"": ""singular"", ""tiempo"": ""pretérito perfecto simple"", ""modo"": ""indicativo"", ""aspecto"": ""perfectivo"", ""voz"": ""activa""}}, {""id"": ""n1_24_04"", ""texto"": ""una"", ""cat"": ""Artículo"", ""atrs"": {""tipo"": ""indeterminado"", ""género"": ""femenino"", ""número"": ""singular"", ""forma"": ""ninguna""}}, {""id"": ""n1_24_05"", ""texto"": ""sinfonía"", ""cat"": ""Sustantivo"", ""atrs"": {""subtipo"": ""común"", ""género"": ""femenino"", ""número"": ""singular"", ""comun_sub"": ""contable"", ""ind_col"": ""individual"", ""conc_abs"": ""abstracto""}}, {""id"": ""n1_24_06"", ""texto"": ""preciosa"", ""cat"": ""Adjetivo"", ""atrs"": {""subtipo"": ""calificativo"", ""género"": ""femenino"", ""número"": ""singular"", ""grado"": ""positivo""}}, {""id"": ""n1_24_07"", ""texto"": ""en"", ""cat"": ""Preposición"", ""atrs"": {""tipo"": ""simple""}}, {""id"": ""n1_24_08"", ""texto"": ""el"", ""cat"": ""Artículo"", ""atrs"": {""tipo"": ""determinado"", ""género"": ""masculino"", ""número"": ""singular"", ""forma"": ""ninguna""}}, {""id"": ""n1_24_09"", ""texto"": ""teatro"", ""cat"": ""Sustantivo"", ""atrs"": {""subtipo"": ""común"", ""género"": ""masculino"", ""número"": ""singular"", ""comun_sub"": ""contable"", ""ind_col"": ""individual"", ""conc_abs"": ""concreto""}}, {""id"": ""n1_24_10"", ""texto"": ""municipal"", ""cat"": ""Adjetivo"", ""atrs"": {""subtipo"": ""relacional"", ""género"": ""invariable"", ""número"": ""singular""}}, {""id"": ""n1_24_11"", ""texto"": ""."", ""cat"": ""Puntuación"", ""atrs"": {}}]"	
josele-n1	Los científicos descubrieron una especie nueva en la selva amazónica.	n1	"[{""id"": ""n1_25_01"", ""texto"": ""Los"", ""cat"": ""Artículo"", ""atrs"": {""tipo"": ""determinado"", ""género"": ""masculino"", ""número"": ""plural"", ""forma"": ""ninguna""}}, {""id"": ""n1_25_02"", ""texto"": ""científicos"", ""cat"": ""Sustantivo"", ""atrs"": {""subtipo"": ""común"", ""género"": ""masculino"", ""número"": ""plural"", ""comun_sub"": ""contable"", ""ind_col"": ""individual"", ""conc_abs"": ""concreto""}}, {""id"": ""n1_25_03"", ""texto"": ""descubrieron"", ""cat"": ""Verbo"", ""atrs"": {""perífrasis"": ""no"", ""conjugación"": ""tercera"", ""persona"": ""tercera persona"", ""número"": ""plural"", ""tiempo"": ""pretérito perfecto simple"", ""modo"": ""indicativo"", ""aspecto"": ""perfectivo"", ""voz"": ""activa""}}, {""id"": ""n1_25_04"", ""texto"": ""una"", ""cat"": ""Artículo"", ""atrs"": {""tipo"": ""indeterminado"", ""género"": ""femenino"", ""número"": ""singular"", ""forma"": ""ninguna""}}, {""id"": ""n1_25_05"", ""texto"": ""especie"", ""cat"": ""Sustantivo"", ""atrs"": {""subtipo"": ""común"", ""género"": ""femenino"", ""número"": ""singular"", ""comun_sub"": ""contable"", ""ind_col"": ""individual"", ""conc_abs"": ""concreto""}}, {""id"": ""n1_25_06"", ""texto"": ""nueva"", ""cat"": ""Adjetivo"", ""atrs"": {""subtipo"": ""calificativo"", ""género"": ""femenino"", ""número"": ""singular"", ""grado"": ""positivo""}}, {""id"": ""n1_25_07"", ""texto"": ""en"", ""cat"": ""Preposición"", ""atrs"": {""tipo"": ""simple""}}, {""id"": ""n1_25_08"", ""texto"": ""la"", ""cat"": ""Artículo"", ""atrs"": {""tipo"": ""determinado"", ""género"": ""femenino"", ""número"": ""singular"", ""forma"": ""ninguna""}}, {""id"": ""n1_25_09"", ""texto"": ""selva"", ""cat"": ""Sustantivo"", ""atrs"": {""subtipo"": ""común"", ""género"": ""femenino"", ""número"": ""singular"", ""comun_sub"": ""contable"", ""ind_col"": ""individual"", ""conc_abs"": ""concreto""}}, {""id"": ""n1_25_10"", ""texto"": ""amazónica"", ""cat"": ""Adjetivo"", ""atrs"": {""subtipo"": ""relacional"", ""género"": ""femenino"", ""número"": ""singular""}}, {""id"": ""n1_25_11"", ""texto"": ""."", ""cat"": ""Puntuación"", ""atrs"": {}}]"	
josele-n1	El entrenador corrigió la postura de los jugadores durante el partido.	n1	"[{""id"": ""n1_26_01"", ""texto"": ""El"", ""cat"": ""Artículo"", ""atrs"": {""tipo"": ""determinado"", ""género"": ""masculino"", ""número"": ""singular"", ""forma"": ""ninguna""}}, {""id"": ""n1_26_02"", ""texto"": ""entrenador"", ""cat"": ""Sustantivo"", ""atrs"": {""subtipo"": ""común"", ""género"": ""masculino"", ""número"": ""singular"", ""comun_sub"": ""contable"", ""ind_col"": ""individual"", ""conc_abs"": ""concreto""}}, {""id"": ""n1_26_03"", ""texto"": ""corrigió"", ""cat"": ""Verbo"", ""atrs"": {""perífrasis"": ""no"", ""conjugación"": ""tercera"", ""persona"": ""tercera persona"", ""número"": ""singular"", ""tiempo"": ""pretérito perfecto simple"", ""modo"": ""indicativo"", ""aspecto"": ""perfectivo"", ""voz"": ""activa""}}, {""id"": ""n1_26_04"", ""texto"": ""la"", ""cat"": ""Artículo"", ""atrs"": {""tipo"": ""determinado"", ""género"": ""femenino"", ""número"": ""singular"", ""forma"": ""ninguna""}}, {""id"": ""n1_26_05"", ""texto"": ""postura"", ""cat"": ""Sustantivo"", ""atrs"": {""subtipo"": ""común"", ""género"": ""femenino"", ""número"": ""singular"", ""comun_sub"": ""contable"", ""ind_col"": ""individual"", ""conc_abs"": ""concreto""}}, {""id"": ""n1_26_06"", ""texto"": ""de"", ""cat"": ""Preposición"", ""atrs"": {""tipo"": ""simple""}}, {""id"": ""n1_26_07"", ""texto"": ""los"", ""cat"": ""Artículo"", ""atrs"": {""tipo"": ""determinado"", ""género"": ""masculino"", ""número"": ""plural"", ""forma"": ""ninguna""}}, {""id"": ""n1_26_08"", ""texto"": ""jugadores"", ""cat"": ""Sustantivo"", ""atrs"": {""subtipo"": ""común"", ""género"": ""masculino"", ""número"": ""plural"", ""comun_sub"": ""contable"", ""ind_col"": ""individual"", ""conc_abs"": ""concreto""}}, {""id"": ""n1_26_09"", ""texto"": ""durante"", ""cat"": ""Preposición"", ""atrs"": {""tipo"": ""simple""}}, {""id"": ""n1_26_10"", ""texto"": ""el"", ""cat"": ""Artículo"", ""atrs"": {""tipo"": ""determinado"", ""género"": ""masculino"", ""número"": ""singular"", ""forma"": ""ninguna""}}, {""id"": ""n1_26_11"", ""texto"": ""partido"", ""cat"": ""Sustantivo"", ""atrs"": {""subtipo"": ""común"", ""género"": ""masculino"", ""número"": ""singular"", ""comun_sub"": ""contable"", ""ind_col"": ""individual"", ""conc_abs"": ""concreto""}}, {""id"": ""n1_26_12"", ""texto"": ""."", ""cat"": ""Puntuación"", ""atrs"": {}}]"	
josele-n1	Aquel escritor famoso firmó ejemplares de su última novela ayer tarde.	n1	"[{""id"": ""n1_27_01"", ""texto"": ""Aquel"", ""cat"": ""Demostrativo"", ""atrs"": {""función"": ""determinante"", ""cercanía"": ""lejanía"", ""género"": ""masculino"", ""número"": ""singular""}}, {""id"": ""n1_27_02"", ""texto"": ""escritor"", ""cat"": ""Sustantivo"", ""atrs"": {""subtipo"": ""común"", ""género"": ""masculino"", ""número"": ""singular"", ""comun_sub"": ""contable"", ""ind_col"": ""individual"", ""conc_abs"": ""concreto""}}, {""id"": ""n1_27_03"", ""texto"": ""famoso"", ""cat"": ""Adjetivo"", ""atrs"": {""subtipo"": ""calificativo"", ""género"": ""masculino"", ""número"": ""singular"", ""grado"": ""positivo""}}, {""id"": ""n1_27_04"", ""texto"": ""firmó"", ""cat"": ""Verbo"", ""atrs"": {""perífrasis"": ""no"", ""conjugación"": ""primera"", ""persona"": ""tercera persona"", ""número"": ""singular"", ""tiempo"": ""pretérito perfecto simple"", ""modo"": ""indicativo"", ""aspecto"": ""perfectivo"", ""voz"": ""activa""}}, {""id"": ""n1_27_05"", ""texto"": ""ejemplares"", ""cat"": ""Sustantivo"", ""atrs"": {""subtipo"": ""común"", ""género"": ""masculino"", ""número"": ""plural"", ""comun_sub"": ""contable"", ""ind_col"": ""individual"", ""conc_abs"": ""concreto""}}, {""id"": ""n1_27_06"", ""texto"": ""de"", ""cat"": ""Preposición"", ""atrs"": {""tipo"": ""simple""}}, {""id"": ""n1_27_07"", ""texto"": ""su"", ""cat"": ""Posesivo"", ""atrs"": {""función"": ""determinante"", ""persona"": ""tercera persona"", ""poseedores"": ""un poseedor"", ""género"": ""invariable"", ""número"": ""singular""}}, {""id"": ""n1_27_08"", ""texto"": ""última"", ""cat"": ""Adjetivo"", ""atrs"": {""subtipo"": ""calificativo"", ""género"": ""femenino"", ""número"": ""singular"", ""grado"": ""positivo""}}, {""id"": ""n1_27_09"", ""texto"": ""novela"", ""cat"": ""Sustantivo"", ""atrs"": {""subtipo"": ""común"", ""género"": ""femenino"", ""número"": ""singular"", ""comun_sub"": ""contable"", ""ind_col"": ""individual"", ""conc_abs"": ""concreto""}}, {""id"": ""n1_27_10"", ""texto"": ""ayer"", ""cat"": ""Adverbio"", ""atrs"": {""tipo"": ""tiempo""}}, {""id"": ""n1_27_11"", ""texto"": ""tarde"", ""cat"": ""Adverbio"", ""atrs"": {""tipo"": ""tiempo""}}, {""id"": ""n1_27_12"", ""texto"": ""."", ""cat"": ""Puntuación"", ""atrs"": {}}]"	
josele-n1	La lluvia torrencial inundó varias calles del centro histórico.	n1	"[{""id"": ""n1_28_01"", ""texto"": ""La"", ""cat"": ""Artículo"", ""atrs"": {""tipo"": ""determinado"", ""género"": ""femenino"", ""número"": ""singular"", ""forma"": ""ninguna""}}, {""id"": ""n1_28_02"", ""texto"": ""lluvia"", ""cat"": ""Sustantivo"", ""atrs"": {""subtipo"": ""común"", ""género"": ""femenino"", ""número"": ""singular"", ""comun_sub"": ""contable"", ""ind_col"": ""individual"", ""conc_abs"": ""concreto""}}, {""id"": ""n1_28_03"", ""texto"": ""torrencial"", ""cat"": ""Adjetivo"", ""atrs"": {""subtipo"": ""calificativo"", ""género"": ""invariable"", ""número"": ""singular"", ""grado"": ""positivo""}}, {""id"": ""n1_28_04"", ""texto"": ""inundó"", ""cat"": ""Verbo"", ""atrs"": {""perífrasis"": ""no"", ""conjugación"": ""primera"", ""persona"": ""tercera persona"", ""número"": ""singular"", ""tiempo"": ""pretérito perfecto simple"", ""modo"": ""indicativo"", ""aspecto"": ""perfectivo"", ""voz"": ""activa""}}, {""id"": ""n1_28_05"", ""texto"": ""varias"", ""cat"": ""Cuantificador"", ""atrs"": {""tipo"": ""indefinido"", ""función_sint"": ""determinante"", ""género"": ""femenino"", ""número"": ""plural"", ""subtipo_ind"": ""indefinido débil""}}, {""id"": ""n1_28_06"", ""texto"": ""calles"", ""cat"": ""Sustantivo"", ""atrs"": {""subtipo"": ""común"", ""género"": ""femenino"", ""número"": ""plural"", ""comun_sub"": ""contable"", ""ind_col"": ""individual"", ""conc_abs"": ""concreto""}}, {""id"": ""n1_28_07"", ""texto"": ""del"", ""cat"": ""Artículo"", ""atrs"": {""tipo"": ""determinado"", ""género"": ""masculino"", ""número"": ""singular"", ""forma"": ""contracta""}}, {""id"": ""n1_28_08"", ""texto"": ""centro"", ""cat"": ""Sustantivo"", ""atrs"": {""subtipo"": ""común"", ""género"": ""masculino"", ""número"": ""singular"", ""comun_sub"": ""contable"", ""ind_col"": ""individual"", ""conc_abs"": ""concreto""}}, {""id"": ""n1_28_09"", ""texto"": ""histórico"", ""cat"": ""Adjetivo"", ""atrs"": {""subtipo"": ""relacional"", ""género"": ""masculino"", ""número"": ""singular""}}, {""id"": ""n1_28_10"", ""texto"": ""."", ""cat"": ""Puntuación"", ""atrs"": {}}]"	
josele-n1	Los estudiantes de tercero organizaron una exposición fotográfica sobre la historia reciente del instituto.	n1	"[{""id"": ""n1_29_01"", ""texto"": ""Los"", ""cat"": ""Artículo"", ""atrs"": {""tipo"": ""determinado"", ""género"": ""masculino"", ""número"": ""plural"", ""forma"": ""ninguna""}}, {""id"": ""n1_29_02"", ""texto"": ""estudiantes"", ""cat"": ""Sustantivo"", ""atrs"": {""subtipo"": ""común"", ""género"": ""masculino"", ""número"": ""plural"", ""comun_sub"": ""contable"", ""ind_col"": ""individual"", ""conc_abs"": ""concreto""}}, {""id"": ""n1_29_03"", ""texto"": ""de"", ""cat"": ""Preposición"", ""atrs"": {""tipo"": ""simple""}}, {""id"": ""n1_29_04"", ""texto"": ""tercero"", ""cat"": ""Cuantificador"", ""atrs"": {""tipo"": ""numeral"", ""función_sint"": ""adjetivo"", ""género"": ""masculino"", ""número"": ""singular"", ""subtipo_num"": ""ordinal""}}, {""id"": ""n1_29_05"", ""texto"": ""organizaron"", ""cat"": ""Verbo"", ""atrs"": {""perífrasis"": ""no"", ""conjugación"": ""primera"", ""persona"": ""tercera persona"", ""número"": ""plural"", ""tiempo"": ""pretérito perfecto simple"", ""modo"": ""indicativo"", ""aspecto"": ""perfectivo"", ""voz"": ""activa""}}, {""id"": ""n1_29_06"", ""texto"": ""una"", ""cat"": ""Artículo"", ""atrs"": {""tipo"": ""indeterminado"", ""género"": ""femenino"", ""número"": ""singular"", ""forma"": ""ninguna""}}, {""id"": ""n1_29_07"", ""texto"": ""exposición"", ""cat"": ""Sustantivo"", ""atrs"": {""subtipo"": ""común"", ""género"": ""femenino"", ""número"": ""singular"", ""comun_sub"": ""contable"", ""ind_col"": ""individual"", ""conc_abs"": ""abstracto""}}, {""id"": ""n1_29_08"", ""texto"": ""fotográfica"", ""cat"": ""Adjetivo"", ""atrs"": {""subtipo"": ""relacional"", ""género"": ""femenino"", ""número"": ""singular""}}, {""id"": ""n1_29_09"", ""texto"": ""sobre"", ""cat"": ""Preposición"", ""atrs"": {""tipo"": ""simple""}}, {""id"": ""n1_29_10"", ""texto"": ""la"", ""cat"": ""Artículo"", ""atrs"": {""tipo"": ""determinado"", ""género"": ""femenino"", ""número"": ""singular"", ""forma"": ""ninguna""}}, {""id"": ""n1_29_11"", ""texto"": ""historia"", ""cat"": ""Sustantivo"", ""atrs"": {""subtipo"": ""común"", ""género"": ""femenino"", ""número"": ""singular"", ""comun_sub"": ""no contable"", ""ind_col"": ""individual"", ""conc_abs"": ""abstracto""}}, {""id"": ""n1_29_12"", ""texto"": ""reciente"", ""cat"": ""Adjetivo"", ""atrs"": {""subtipo"": ""calificativo"", ""género"": ""invariable"", ""número"": ""singular"", ""grado"": ""positivo""}}, {""id"": ""n1_29_13"", ""texto"": ""del"", ""cat"": ""Artículo"", ""atrs"": {""tipo"": ""determinado"", ""género"": ""masculino"", ""número"": ""singular"", ""forma"": ""contracta""}}, {""id"": ""n1_29_14"", ""texto"": ""instituto"", ""cat"": ""Sustantivo"", ""atrs"": {""subtipo"": ""común"", ""género"": ""masculino"", ""número"": ""singular"", ""comun_sub"": ""contable"", ""ind_col"": ""individual"", ""conc_abs"": ""concreto""}}, {""id"": ""n1_29_15"", ""texto"": ""."", ""cat"": ""Puntuación"", ""atrs"": {}}]"	
josele-n1	El director del colegio anunció nuevas actividades extraescolares para los alumnos de secundaria.	n1	"[{""id"": ""n1_30_01"", ""texto"": ""El"", ""cat"": ""Artículo"", ""atrs"": {""tipo"": ""determinado"", ""género"": ""masculino"", ""número"": ""singular"", ""forma"": ""ninguna""}}, {""id"": ""n1_30_02"", ""texto"": ""director"", ""cat"": ""Sustantivo"", ""atrs"": {""subtipo"": ""común"", ""género"": ""masculino"", ""número"": ""singular"", ""comun_sub"": ""contable"", ""ind_col"": ""individual"", ""conc_abs"": ""concreto""}}, {""id"": ""n1_30_03"", ""texto"": ""del"", ""cat"": ""Artículo"", ""atrs"": {""tipo"": ""determinado"", ""género"": ""masculino"", ""número"": ""singular"", ""forma"": ""contracta""}}, {""id"": ""n1_30_04"", ""texto"": ""colegio"", ""cat"": ""Sustantivo"", ""atrs"": {""subtipo"": ""común"", ""género"": ""masculino"", ""número"": ""singular"", ""comun_sub"": ""contable"", ""ind_col"": ""individual"", ""conc_abs"": ""concreto""}}, {""id"": ""n1_30_05"", ""texto"": ""anunció"", ""cat"": ""Verbo"", ""atrs"": {""perífrasis"": ""no"", ""conjugación"": ""primera"", ""persona"": ""tercera persona"", ""número"": ""singular"", ""tiempo"": ""pretérito perfecto simple"", ""modo"": ""indicativo"", ""aspecto"": ""perfectivo"", ""voz"": ""activa""}}, {""id"": ""n1_30_06"", ""texto"": ""nuevas"", ""cat"": ""Adjetivo"", ""atrs"": {""subtipo"": ""calificativo"", ""género"": ""femenino"", ""número"": ""plural"", ""grado"": ""positivo""}}, {""id"": ""n1_30_07"", ""texto"": ""actividades"", ""cat"": ""Sustantivo"", ""atrs"": {""subtipo"": ""común"", ""género"": ""femenino"", ""número"": ""plural"", ""comun_sub"": ""contable"", ""ind_col"": ""individual"", ""conc_abs"": ""abstracto""}}, {""id"": ""n1_30_08"", ""texto"": ""extraescolares"", ""cat"": ""Adjetivo"", ""atrs"": {""subtipo"": ""relacional"", ""género"": ""invariable"", ""número"": ""plural""}}, {""id"": ""n1_30_09"", ""texto"": ""para"", ""cat"": ""Preposición"", ""atrs"": {""tipo"": ""simple""}}, {""id"": ""n1_30_10"", ""texto"": ""los"", ""cat"": ""Artículo"", ""atrs"": {""tipo"": ""determinado"", ""género"": ""masculino"", ""número"": ""plural"", ""forma"": ""ninguna""}}, {""id"": ""n1_30_11"", ""texto"": ""alumnos"", ""cat"": ""Sustantivo"", ""atrs"": {""subtipo"": ""común"", ""género"": ""masculino"", ""número"": ""plural"", ""comun_sub"": ""contable"", ""ind_col"": ""individual"", ""conc_abs"": ""concreto""}}, {""id"": ""n1_30_12"", ""texto"": ""de"", ""cat"": ""Preposición"", ""atrs"": {""tipo"": ""simple""}}, {""id"": ""n1_30_13"", ""texto"": ""secundaria"", ""cat"": ""Sustantivo"", ""atrs"": {""subtipo"": ""común"", ""género"": ""femenino"", ""número"": ""singular"", ""comun_sub"": ""no contable"", ""ind_col"": ""individual"", ""conc_abs"": ""abstracto""}}, {""id"": ""n1_30_14"", ""texto"": ""."", ""cat"": ""Puntuación"", ""atrs"": {}}]"	
josele-n1	Aquella anciana vendía flores frescas cada mañana en el mercado del pueblo.	n1	"[{""id"": ""n1_31_01"", ""texto"": ""Aquella"", ""cat"": ""Demostrativo"", ""atrs"": {""función"": ""determinante"", ""cercanía"": ""lejanía"", ""género"": ""femenino"", ""número"": ""singular""}}, {""id"": ""n1_31_02"", ""texto"": ""anciana"", ""cat"": ""Sustantivo"", ""atrs"": {""subtipo"": ""común"", ""género"": ""femenino"", ""número"": ""singular"", ""comun_sub"": ""contable"", ""ind_col"": ""individual"", ""conc_abs"": ""concreto""}}, {""id"": ""n1_31_03"", ""texto"": ""vendía"", ""cat"": ""Verbo"", ""atrs"": {""perífrasis"": ""no"", ""conjugación"": ""segunda"", ""persona"": ""tercera persona"", ""número"": ""singular"", ""tiempo"": ""pretérito imperfecto"", ""modo"": ""indicativo"", ""aspecto"": ""imperfectivo"", ""voz"": ""activa""}}, {""id"": ""n1_31_04"", ""texto"": ""flores"", ""cat"": ""Sustantivo"", ""atrs"": {""subtipo"": ""común"", ""género"": ""femenino"", ""número"": ""plural"", ""comun_sub"": ""contable"", ""ind_col"": ""individual"", ""conc_abs"": ""concreto""}}, {""id"": ""n1_31_05"", ""texto"": ""frescas"", ""cat"": ""Adjetivo"", ""atrs"": {""subtipo"": ""calificativo"", ""género"": ""femenino"", ""número"": ""plural"", ""grado"": ""positivo""}}, {""id"": ""n1_31_06"", ""texto"": ""cada"", ""cat"": ""Cuantificador"", ""atrs"": {""tipo"": ""indefinido"", ""función_sint"": ""determinante"", ""género"": ""invariable"", ""número"": ""singular"", ""subtipo_ind"": ""universal""}}, {""id"": ""n1_31_07"", ""texto"": ""mañana"", ""cat"": ""Sustantivo"", ""atrs"": {""subtipo"": ""común"", ""género"": ""femenino"", ""número"": ""singular"", ""comun_sub"": ""contable"", ""ind_col"": ""individual"", ""conc_abs"": ""concreto""}}, {""id"": ""n1_31_08"", ""texto"": ""en"", ""cat"": ""Preposición"", ""atrs"": {""tipo"": ""simple""}}, {""id"": ""n1_31_09"", ""texto"": ""el"", ""cat"": ""Artículo"", ""atrs"": {""tipo"": ""determinado"", ""género"": ""masculino"", ""número"": ""singular"", ""forma"": ""ninguna""}}, {""id"": ""n1_31_10"", ""texto"": ""mercado"", ""cat"": ""Sustantivo"", ""atrs"": {""subtipo"": ""común"", ""género"": ""masculino"", ""número"": ""singular"", ""comun_sub"": ""contable"", ""ind_col"": ""individual"", ""conc_abs"": ""concreto""}}, {""id"": ""n1_31_11"", ""texto"": ""del"", ""cat"": ""Artículo"", ""atrs"": {""tipo"": ""determinado"", ""género"": ""masculino"", ""número"": ""singular"", ""forma"": ""contracta""}}, {""id"": ""n1_31_12"", ""texto"": ""pueblo"", ""cat"": ""Sustantivo"", ""atrs"": {""subtipo"": ""común"", ""género"": ""masculino"", ""número"": ""singular"", ""comun_sub"": ""contable"", ""ind_col"": ""individual"", ""conc_abs"": ""concreto""}}, {""id"": ""n1_31_13"", ""texto"": ""."", ""cat"": ""Puntuación"", ""atrs"": {}}]"	
josele-n1	Los bomberos rescataron a varios excursionistas atrapados en la montaña tras la tormenta.	n1	"[{""id"": ""n1_32_01"", ""texto"": ""Los"", ""cat"": ""Artículo"", ""atrs"": {""tipo"": ""determinado"", ""género"": ""masculino"", ""número"": ""plural"", ""forma"": ""ninguna""}}, {""id"": ""n1_32_02"", ""texto"": ""bomberos"", ""cat"": ""Sustantivo"", ""atrs"": {""subtipo"": ""común"", ""género"": ""masculino"", ""número"": ""plural"", ""comun_sub"": ""contable"", ""ind_col"": ""individual"", ""conc_abs"": ""concreto""}}, {""id"": ""n1_32_03"", ""texto"": ""rescataron"", ""cat"": ""Verbo"", ""atrs"": {""perífrasis"": ""no"", ""conjugación"": ""primera"", ""persona"": ""tercera persona"", ""número"": ""plural"", ""tiempo"": ""pretérito perfecto simple"", ""modo"": ""indicativo"", ""aspecto"": ""perfectivo"", ""voz"": ""activa""}}, {""id"": ""n1_32_04"", ""texto"": ""a"", ""cat"": ""Preposición"", ""atrs"": {""tipo"": ""simple""}}, {""id"": ""n1_32_05"", ""texto"": ""varios"", ""cat"": ""Cuantificador"", ""atrs"": {""tipo"": ""indefinido"", ""función_sint"": ""determinante"", ""género"": ""masculino"", ""número"": ""plural"", ""subtipo_ind"": ""indefinido débil""}}, {""id"": ""n1_32_06"", ""texto"": ""excursionistas"", ""cat"": ""Sustantivo"", ""atrs"": {""subtipo"": ""común"", ""género"": ""masculino"", ""número"": ""plural"", ""comun_sub"": ""contable"", ""ind_col"": ""individual"", ""conc_abs"": ""concreto""}}, {""id"": ""n1_32_07"", ""texto"": ""atrapados"", ""cat"": ""Adjetivo"", ""atrs"": {""subtipo"": ""calificativo"", ""género"": ""masculino"", ""número"": ""plural"", ""grado"": ""positivo""}}, {""id"": ""n1_32_08"", ""texto"": ""en"", ""cat"": ""Preposición"", ""atrs"": {""tipo"": ""simple""}}, {""id"": ""n1_32_09"", ""texto"": ""la"", ""cat"": ""Artículo"", ""atrs"": {""tipo"": ""determinado"", ""género"": ""femenino"", ""número"": ""singular"", ""forma"": ""ninguna""}}, {""id"": ""n1_32_10"", ""texto"": ""montaña"", ""cat"": ""Sustantivo"", ""atrs"": {""subtipo"": ""común"", ""género"": ""femenino"", ""número"": ""singular"", ""comun_sub"": ""contable"", ""ind_col"": ""individual"", ""conc_abs"": ""concreto""}}, {""id"": ""n1_32_11"", ""texto"": ""tras"", ""cat"": ""Preposición"", ""atrs"": {""tipo"": ""simple""}}, {""id"": ""n1_32_12"", ""texto"": ""la"", ""cat"": ""Artículo"", ""atrs"": {""tipo"": ""determinado"", ""género"": ""femenino"", ""número"": ""singular"", ""forma"": ""ninguna""}}, {""id"": ""n1_32_13"", ""texto"": ""tormenta"", ""cat"": ""Sustantivo"", ""atrs"": {""subtipo"": ""común"", ""género"": ""femenino"", ""número"": ""singular"", ""comun_sub"": ""contable"", ""ind_col"": ""individual"", ""conc_abs"": ""concreto""}}, {""id"": ""n1_32_14"", ""texto"": ""."", ""cat"": ""Puntuación"", ""atrs"": {}}]"	
josele-n1	La compañía de teatro representó una obra clásica en el auditorio del parque central.	n1	"[{""id"": ""n1_33_01"", ""texto"": ""La"", ""cat"": ""Artículo"", ""atrs"": {""tipo"": ""determinado"", ""género"": ""femenino"", ""número"": ""singular"", ""forma"": ""ninguna""}}, {""id"": ""n1_33_02"", ""texto"": ""compañía"", ""cat"": ""Sustantivo"", ""atrs"": {""subtipo"": ""común"", ""género"": ""femenino"", ""número"": ""singular"", ""comun_sub"": ""contable"", ""ind_col"": ""colectivo"", ""conc_abs"": ""concreto""}}, {""id"": ""n1_33_03"", ""texto"": ""de"", ""cat"": ""Preposición"", ""atrs"": {""tipo"": ""simple""}}, {""id"": ""n1_33_04"", ""texto"": ""teatro"", ""cat"": ""Sustantivo"", ""atrs"": {""subtipo"": ""común"", ""género"": ""masculino"", ""número"": ""singular"", ""comun_sub"": ""contable"", ""ind_col"": ""individual"", ""conc_abs"": ""abstracto""}}, {""id"": ""n1_33_05"", ""texto"": ""representó"", ""cat"": ""Verbo"", ""atrs"": {""perífrasis"": ""no"", ""conjugación"": ""primera"", ""persona"": ""tercera persona"", ""número"": ""singular"", ""tiempo"": ""pretérito perfecto simple"", ""modo"": ""indicativo"", ""aspecto"": ""perfectivo"", ""voz"": ""activa""}}, {""id"": ""n1_33_06"", ""texto"": ""una"", ""cat"": ""Artículo"", ""atrs"": {""tipo"": ""indeterminado"", ""género"": ""femenino"", ""número"": ""singular"", ""forma"": ""ninguna""}}, {""id"": ""n1_33_07"", ""texto"": ""obra"", ""cat"": ""Sustantivo"", ""atrs"": {""subtipo"": ""común"", ""género"": ""femenino"", ""número"": ""singular"", ""comun_sub"": ""contable"", ""ind_col"": ""individual"", ""conc_abs"": ""abstracto""}}, {""id"": ""n1_33_08"", ""texto"": ""clásica"", ""cat"": ""Adjetivo"", ""atrs"": {""subtipo"": ""calificativo"", ""género"": ""femenino"", ""número"": ""singular"", ""grado"": ""positivo""}}, {""id"": ""n1_33_09"", ""texto"": ""en"", ""cat"": ""Preposición"", ""atrs"": {""tipo"": ""simple""}}, {""id"": ""n1_33_10"", ""texto"": ""el"", ""cat"": ""Artículo"", ""atrs"": {""tipo"": ""determinado"", ""género"": ""masculino"", ""número"": ""singular"", ""forma"": ""ninguna""}}, {""id"": ""n1_33_11"", ""texto"": ""auditorio"", ""cat"": ""Sustantivo"", ""atrs"": {""subtipo"": ""común"", ""género"": ""masculino"", ""número"": ""singular"", ""comun_sub"": ""contable"", ""ind_col"": ""individual"", ""conc_abs"": ""concreto""}}, {""id"": ""n1_33_12"", ""texto"": ""del"", ""cat"": ""Artículo"", ""atrs"": {""tipo"": ""determinado"", ""género"": ""masculino"", ""número"": ""singular"", ""forma"": ""contracta""}}, {""id"": ""n1_33_13"", ""texto"": ""parque"", ""cat"": ""Sustantivo"", ""atrs"": {""subtipo"": ""común"", ""género"": ""masculino"", ""número"": ""singular"", ""comun_sub"": ""contable"", ""ind_col"": ""individual"", ""conc_abs"": ""concreto""}}, {""id"": ""n1_33_14"", ""texto"": ""central"", ""cat"": ""Adjetivo"", ""atrs"": {""subtipo"": ""relacional"", ""género"": ""invariable"", ""número"": ""singular""}}, {""id"": ""n1_33_15"", ""texto"": ""."", ""cat"": ""Puntuación"", ""atrs"": {}}]"	
josele-n1	Mi vecina cultiva tomates orgánicos en un huerto pequeño detrás de su casa.	n1	"[{""id"": ""n1_34_01"", ""texto"": ""Mi"", ""cat"": ""Posesivo"", ""atrs"": {""función"": ""determinante"", ""persona"": ""primera persona"", ""poseedores"": ""un poseedor"", ""género"": ""invariable"", ""número"": ""singular""}}, {""id"": ""n1_34_02"", ""texto"": ""vecina"", ""cat"": ""Sustantivo"", ""atrs"": {""subtipo"": ""común"", ""género"": ""femenino"", ""número"": ""singular"", ""comun_sub"": ""contable"", ""ind_col"": ""individual"", ""conc_abs"": ""concreto""}}, {""id"": ""n1_34_03"", ""texto"": ""cultiva"", ""cat"": ""Verbo"", ""atrs"": {""perífrasis"": ""no"", ""conjugación"": ""primera"", ""persona"": ""tercera persona"", ""número"": ""singular"", ""tiempo"": ""presente"", ""modo"": ""indicativo"", ""aspecto"": ""imperfectivo"", ""voz"": ""activa""}}, {""id"": ""n1_34_04"", ""texto"": ""tomates"", ""cat"": ""Sustantivo"", ""atrs"": {""subtipo"": ""común"", ""género"": ""masculino"", ""número"": ""plural"", ""comun_sub"": ""contable"", ""ind_col"": ""individual"", ""conc_abs"": ""concreto""}}, {""id"": ""n1_34_05"", ""texto"": ""orgánicos"", ""cat"": ""Adjetivo"", ""atrs"": {""subtipo"": ""relacional"", ""género"": ""masculino"", ""número"": ""plural""}}, {""id"": ""n1_34_06"", ""texto"": ""en"", ""cat"": ""Preposición"", ""atrs"": {""tipo"": ""simple""}}, {""id"": ""n1_34_07"", ""texto"": ""un"", ""cat"": ""Artículo"", ""atrs"": {""tipo"": ""indeterminado"", ""género"": ""masculino"", ""número"": ""singular"", ""forma"": ""ninguna""}}, {""id"": ""n1_34_08"", ""texto"": ""huerto"", ""cat"": ""Sustantivo"", ""atrs"": {""subtipo"": ""común"", ""género"": ""masculino"", ""número"": ""singular"", ""comun_sub"": ""contable"", ""ind_col"": ""individual"", ""conc_abs"": ""concreto""}}, {""id"": ""n1_34_09"", ""texto"": ""pequeño"", ""cat"": ""Adjetivo"", ""atrs"": {""subtipo"": ""calificativo"", ""género"": ""masculino"", ""número"": ""singular"", ""grado"": ""positivo""}}, {""id"": ""n1_34_10"", ""texto"": ""detrás"", ""cat"": ""Adverbio"", ""atrs"": {""tipo"": ""lugar""}}, {""id"": ""n1_34_11"", ""texto"": ""de"", ""cat"": ""Preposición"", ""atrs"": {""tipo"": ""simple""}}, {""id"": ""n1_34_12"", ""texto"": ""su"", ""cat"": ""Posesivo"", ""atrs"": {""función"": ""determinante"", ""persona"": ""tercera persona"", ""poseedores"": ""un poseedor"", ""género"": ""invariable"", ""número"": ""singular""}}, {""id"": ""n1_34_13"", ""texto"": ""casa"", ""cat"": ""Sustantivo"", ""atrs"": {""subtipo"": ""común"", ""género"": ""femenino"", ""número"": ""singular"", ""comun_sub"": ""contable"", ""ind_col"": ""individual"", ""conc_abs"": ""concreto""}}, {""id"": ""n1_34_14"", ""texto"": ""."", ""cat"": ""Puntuación"", ""atrs"": {}}]"	
josele-n1	Los arqueólogos encontraron restos antiguos bajo los cimientos de aquella iglesia medieval.	n1	"[{""id"": ""n1_35_01"", ""texto"": ""Los"", ""cat"": ""Artículo"", ""atrs"": {""tipo"": ""determinado"", ""género"": ""masculino"", ""número"": ""plural"", ""forma"": ""ninguna""}}, {""id"": ""n1_35_02"", ""texto"": ""arqueólogos"", ""cat"": ""Sustantivo"", ""atrs"": {""subtipo"": ""común"", ""género"": ""masculino"", ""número"": ""plural"", ""comun_sub"": ""contable"", ""ind_col"": ""individual"", ""conc_abs"": ""concreto""}}, {""id"": ""n1_35_03"", ""texto"": ""encontraron"", ""cat"": ""Verbo"", ""atrs"": {""perífrasis"": ""no"", ""conjugación"": ""primera"", ""persona"": ""tercera persona"", ""número"": ""plural"", ""tiempo"": ""pretérito perfecto simple"", ""modo"": ""indicativo"", ""aspecto"": ""perfectivo"", ""voz"": ""activa""}}, {""id"": ""n1_35_04"", ""texto"": ""restos"", ""cat"": ""Sustantivo"", ""atrs"": {""subtipo"": ""común"", ""género"": ""masculino"", ""número"": ""plural"", ""comun_sub"": ""contable"", ""ind_col"": ""individual"", ""conc_abs"": ""concreto""}}, {""id"": ""n1_35_05"", ""texto"": ""antiguos"", ""cat"": ""Adjetivo"", ""atrs"": {""subtipo"": ""calificativo"", ""género"": ""masculino"", ""número"": ""plural"", ""grado"": ""positivo""}}, {""id"": ""n1_35_06"", ""texto"": ""bajo"", ""cat"": ""Preposición"", ""atrs"": {""tipo"": ""simple""}}, {""id"": ""n1_35_07"", ""texto"": ""los"", ""cat"": ""Artículo"", ""atrs"": {""tipo"": ""determinado"", ""género"": ""masculino"", ""número"": ""plural"", ""forma"": ""ninguna""}}, {""id"": ""n1_35_08"", ""texto"": ""cimientos"", ""cat"": ""Sustantivo"", ""atrs"": {""subtipo"": ""común"", ""género"": ""masculino"", ""número"": ""plural"", ""comun_sub"": ""contable"", ""ind_col"": ""individual"", ""conc_abs"": ""concreto""}}, {""id"": ""n1_35_09"", ""texto"": ""de"", ""cat"": ""Preposición"", ""atrs"": {""tipo"": ""simple""}}, {""id"": ""n1_35_10"", ""texto"": ""aquella"", ""cat"": ""Demostrativo"", ""atrs"": {""función"": ""determinante"", ""cercanía"": ""lejanía"", ""género"": ""femenino"", ""número"": ""singular""}}, {""id"": ""n1_35_11"", ""texto"": ""iglesia"", ""cat"": ""Sustantivo"", ""atrs"": {""subtipo"": ""común"", ""género"": ""femenino"", ""número"": ""singular"", ""comun_sub"": ""contable"", ""ind_col"": ""individual"", ""conc_abs"": ""concreto""}}, {""id"": ""n1_35_12"", ""texto"": ""medieval"", ""cat"": ""Adjetivo"", ""atrs"": {""subtipo"": ""relacional"", ""género"": ""invariable"", ""número"": ""singular""}}, {""id"": ""n1_35_13"", ""texto"": ""."", ""cat"": ""Puntuación"", ""atrs"": {}}]"	
josele-n1	La editorial publicó una nueva colección de cuentos para lectores jóvenes.	n1	"[{""id"": ""n1_36_01"", ""texto"": ""La"", ""cat"": ""Artículo"", ""atrs"": {""tipo"": ""determinado"", ""género"": ""femenino"", ""número"": ""singular"", ""forma"": ""ninguna""}}, {""id"": ""n1_36_02"", ""texto"": ""editorial"", ""cat"": ""Sustantivo"", ""atrs"": {""subtipo"": ""común"", ""género"": ""femenino"", ""número"": ""singular"", ""comun_sub"": ""contable"", ""ind_col"": ""individual"", ""conc_abs"": ""concreto""}}, {""id"": ""n1_36_03"", ""texto"": ""publicó"", ""cat"": ""Verbo"", ""atrs"": {""perífrasis"": ""no"", ""conjugación"": ""primera"", ""persona"": ""tercera persona"", ""número"": ""singular"", ""tiempo"": ""pretérito perfecto simple"", ""modo"": ""indicativo"", ""aspecto"": ""perfectivo"", ""voz"": ""activa""}}, {""id"": ""n1_36_04"", ""texto"": ""una"", ""cat"": ""Artículo"", ""atrs"": {""tipo"": ""indeterminado"", ""género"": ""femenino"", ""número"": ""singular"", ""forma"": ""ninguna""}}, {""id"": ""n1_36_05"", ""texto"": ""nueva"", ""cat"": ""Adjetivo"", ""atrs"": {""subtipo"": ""calificativo"", ""género"": ""femenino"", ""número"": ""singular"", ""grado"": ""positivo""}}, {""id"": ""n1_36_06"", ""texto"": ""colección"", ""cat"": ""Sustantivo"", ""atrs"": {""subtipo"": ""común"", ""género"": ""femenino"", ""número"": ""singular"", ""comun_sub"": ""contable"", ""ind_col"": ""colectivo"", ""conc_abs"": ""concreto""}}, {""id"": ""n1_36_07"", ""texto"": ""de"", ""cat"": ""Preposición"", ""atrs"": {""tipo"": ""simple""}}, {""id"": ""n1_36_08"", ""texto"": ""cuentos"", ""cat"": ""Sustantivo"", ""atrs"": {""subtipo"": ""común"", ""género"": ""masculino"", ""número"": ""plural"", ""comun_sub"": ""contable"", ""ind_col"": ""individual"", ""conc_abs"": ""abstracto""}}, {""id"": ""n1_36_09"", ""texto"": ""para"", ""cat"": ""Preposición"", ""atrs"": {""tipo"": ""simple""}}, {""id"": ""n1_36_10"", ""texto"": ""lectores"", ""cat"": ""Sustantivo"", ""atrs"": {""subtipo"": ""común"", ""género"": ""masculino"", ""número"": ""plural"", ""comun_sub"": ""contable"", ""ind_col"": ""individual"", ""conc_abs"": ""concreto""}}, {""id"": ""n1_36_11"", ""texto"": ""jóvenes"", ""cat"": ""Adjetivo"", ""atrs"": {""subtipo"": ""calificativo"", ""género"": ""invariable"", ""número"": ""plural"", ""grado"": ""positivo""}}, {""id"": ""n1_36_12"", ""texto"": ""."", ""cat"": ""Puntuación"", ""atrs"": {}}]"	
josele-n1	Aquel músico callejero tocaba melodías tristes cada tarde en la plaza mayor.	n1	"[{""id"": ""n1_37_01"", ""texto"": ""Aquel"", ""cat"": ""Demostrativo"", ""atrs"": {""función"": ""determinante"", ""cercanía"": ""lejanía"", ""género"": ""masculino"", ""número"": ""singular""}}, {""id"": ""n1_37_02"", ""texto"": ""músico"", ""cat"": ""Sustantivo"", ""atrs"": {""subtipo"": ""común"", ""género"": ""masculino"", ""número"": ""singular"", ""comun_sub"": ""contable"", ""ind_col"": ""individual"", ""conc_abs"": ""concreto""}}, {""id"": ""n1_37_03"", ""texto"": ""callejero"", ""cat"": ""Adjetivo"", ""atrs"": {""subtipo"": ""relacional"", ""género"": ""masculino"", ""número"": ""singular""}}, {""id"": ""n1_37_04"", ""texto"": ""tocaba"", ""cat"": ""Verbo"", ""atrs"": {""perífrasis"": ""no"", ""conjugación"": ""primera"", ""persona"": ""tercera persona"", ""número"": ""singular"", ""tiempo"": ""pretérito imperfecto"", ""modo"": ""indicativo"", ""aspecto"": ""imperfectivo"", ""voz"": ""activa""}}, {""id"": ""n1_37_05"", ""texto"": ""melodías"", ""cat"": ""Sustantivo"", ""atrs"": {""subtipo"": ""común"", ""género"": ""femenino"", ""número"": ""plural"", ""comun_sub"": ""contable"", ""ind_col"": ""individual"", ""conc_abs"": ""abstracto""}}, {""id"": ""n1_37_06"", ""texto"": ""tristes"", ""cat"": ""Adjetivo"", ""atrs"": {""subtipo"": ""calificativo"", ""género"": ""invariable"", ""número"": ""plural"", ""grado"": ""positivo""}}, {""id"": ""n1_37_07"", ""texto"": ""cada"", ""cat"": ""Cuantificador"", ""atrs"": {""tipo"": ""indefinido"", ""función_sint"": ""determinante"", ""género"": ""invariable"", ""número"": ""singular"", ""subtipo_ind"": ""universal""}}, {""id"": ""n1_37_08"", ""texto"": ""tarde"", ""cat"": ""Sustantivo"", ""atrs"": {""subtipo"": ""común"", ""género"": ""femenino"", ""número"": ""singular"", ""comun_sub"": ""contable"", ""ind_col"": ""individual"", ""conc_abs"": ""concreto""}}, {""id"": ""n1_37_09"", ""texto"": ""en"", ""cat"": ""Preposición"", ""atrs"": {""tipo"": ""simple""}}, {""id"": ""n1_37_10"", ""texto"": ""la"", ""cat"": ""Artículo"", ""atrs"": {""tipo"": ""determinado"", ""género"": ""femenino"", ""número"": ""singular"", ""forma"": ""ninguna""}}, {""id"": ""n1_37_11"", ""texto"": ""plaza"", ""cat"": ""Sustantivo"", ""atrs"": {""subtipo"": ""común"", ""género"": ""femenino"", ""número"": ""singular"", ""comun_sub"": ""contable"", ""ind_col"": ""individual"", ""conc_abs"": ""concreto""}}, {""id"": ""n1_37_12"", ""texto"": ""mayor"", ""cat"": ""Adjetivo"", ""atrs"": {""subtipo"": ""calificativo"", ""género"": ""invariable"", ""número"": ""singular"", ""grado"": ""positivo""}}, {""id"": ""n1_37_13"", ""texto"": ""."", ""cat"": ""Puntuación"", ""atrs"": {}}]"	
josele-n1	Los agricultores de la zona recogieron una cosecha abundante este otoño pasado.	n1	"[{""id"": ""n1_38_01"", ""texto"": ""Los"", ""cat"": ""Artículo"", ""atrs"": {""tipo"": ""determinado"", ""género"": ""masculino"", ""número"": ""plural"", ""forma"": ""ninguna""}}, {""id"": ""n1_38_02"", ""texto"": ""agricultores"", ""cat"": ""Sustantivo"", ""atrs"": {""subtipo"": ""común"", ""género"": ""masculino"", ""número"": ""plural"", ""comun_sub"": ""contable"", ""ind_col"": ""individual"", ""conc_abs"": ""concreto""}}, {""id"": ""n1_38_03"", ""texto"": ""de"", ""cat"": ""Preposición"", ""atrs"": {""tipo"": ""simple""}}, {""id"": ""n1_38_04"", ""texto"": ""la"", ""cat"": ""Artículo"", ""atrs"": {""tipo"": ""determinado"", ""género"": ""femenino"", ""número"": ""singular"", ""forma"": ""ninguna""}}, {""id"": ""n1_38_05"", ""texto"": ""zona"", ""cat"": ""Sustantivo"", ""atrs"": {""subtipo"": ""común"", ""género"": ""femenino"", ""número"": ""singular"", ""comun_sub"": ""contable"", ""ind_col"": ""individual"", ""conc_abs"": ""concreto""}}, {""id"": ""n1_38_06"", ""texto"": ""recogieron"", ""cat"": ""Verbo"", ""atrs"": {""perífrasis"": ""no"", ""conjugación"": ""segunda"", ""persona"": ""tercera persona"", ""número"": ""plural"", ""tiempo"": ""pretérito perfecto simple"", ""modo"": ""indicativo"", ""aspecto"": ""perfectivo"", ""voz"": ""activa""}}, {""id"": ""n1_38_07"", ""texto"": ""una"", ""cat"": ""Artículo"", ""atrs"": {""tipo"": ""indeterminado"", ""género"": ""femenino"", ""número"": ""singular"", ""forma"": ""ninguna""}}, {""id"": ""n1_38_08"", ""texto"": ""cosecha"", ""cat"": ""Sustantivo"", ""atrs"": {""subtipo"": ""común"", ""género"": ""femenino"", ""número"": ""singular"", ""comun_sub"": ""contable"", ""ind_col"": ""individual"", ""conc_abs"": ""concreto""}}, {""id"": ""n1_38_09"", ""texto"": ""abundante"", ""cat"": ""Adjetivo"", ""atrs"": {""subtipo"": ""calificativo"", ""género"": ""invariable"", ""número"": ""singular"", ""grado"": ""positivo""}}, {""id"": ""n1_38_10"", ""texto"": ""este"", ""cat"": ""Demostrativo"", ""atrs"": {""función"": ""determinante"", ""cercanía"": ""cercanía al hablante"", ""género"": ""masculino"", ""número"": ""singular""}}, {""id"": ""n1_38_11"", ""texto"": ""otoño"", ""cat"": ""Sustantivo"", ""atrs"": {""subtipo"": ""común"", ""género"": ""masculino"", ""número"": ""singular"", ""comun_sub"": ""contable"", ""ind_col"": ""individual"", ""conc_abs"": ""concreto""}}, {""id"": ""n1_38_12"", ""texto"": ""pasado"", ""cat"": ""Adjetivo"", ""atrs"": {""subtipo"": ""calificativo"", ""género"": ""masculino"", ""número"": ""singular"", ""grado"": ""positivo""}}, {""id"": ""n1_38_13"", ""texto"": ""."", ""cat"": ""Puntuación"", ""atrs"": {}}]"	
josele-n1	Mi prima estudia enfermería en una universidad muy prestigiosa de la capital.	n1	"[{""id"": ""n1_39_01"", ""texto"": ""Mi"", ""cat"": ""Posesivo"", ""atrs"": {""función"": ""determinante"", ""persona"": ""primera persona"", ""poseedores"": ""un poseedor"", ""género"": ""invariable"", ""número"": ""singular""}}, {""id"": ""n1_39_02"", ""texto"": ""prima"", ""cat"": ""Sustantivo"", ""atrs"": {""subtipo"": ""común"", ""género"": ""femenino"", ""número"": ""singular"", ""comun_sub"": ""contable"", ""ind_col"": ""individual"", ""conc_abs"": ""concreto""}}, {""id"": ""n1_39_03"", ""texto"": ""estudia"", ""cat"": ""Verbo"", ""atrs"": {""perífrasis"": ""no"", ""conjugación"": ""primera"", ""persona"": ""tercera persona"", ""número"": ""singular"", ""tiempo"": ""presente"", ""modo"": ""indicativo"", ""aspecto"": ""imperfectivo"", ""voz"": ""activa""}}, {""id"": ""n1_39_04"", ""texto"": ""enfermería"", ""cat"": ""Sustantivo"", ""atrs"": {""subtipo"": ""común"", ""género"": ""femenino"", ""número"": ""singular"", ""comun_sub"": ""no contable"", ""ind_col"": ""individual"", ""conc_abs"": ""abstracto""}}, {""id"": ""n1_39_05"", ""texto"": ""en"", ""cat"": ""Preposición"", ""atrs"": {""tipo"": ""simple""}}, {""id"": ""n1_39_06"", ""texto"": ""una"", ""cat"": ""Artículo"", ""atrs"": {""tipo"": ""indeterminado"", ""género"": ""femenino"", ""número"": ""singular"", ""forma"": ""ninguna""}}, {""id"": ""n1_39_07"", ""texto"": ""universidad"", ""cat"": ""Sustantivo"", ""atrs"": {""subtipo"": ""común"", ""género"": ""femenino"", ""número"": ""singular"", ""comun_sub"": ""contable"", ""ind_col"": ""individual"", ""conc_abs"": ""concreto""}}, {""id"": ""n1_39_08"", ""texto"": ""muy"", ""cat"": ""Adverbio"", ""atrs"": {""tipo"": ""cantidad""}}, {""id"": ""n1_39_09"", ""texto"": ""prestigiosa"", ""cat"": ""Adjetivo"", ""atrs"": {""subtipo"": ""calificativo"", ""género"": ""femenino"", ""número"": ""singular"", ""grado"": ""superlativo absoluto""}}, {""id"": ""n1_39_10"", ""texto"": ""de"", ""cat"": ""Preposición"", ""atrs"": {""tipo"": ""simple""}}, {""id"": ""n1_39_11"", ""texto"": ""la"", ""cat"": ""Artículo"", ""atrs"": {""tipo"": ""determinado"", ""género"": ""femenino"", ""número"": ""singular"", ""forma"": ""ninguna""}}, {""id"": ""n1_39_12"", ""texto"": ""capital"", ""cat"": ""Sustantivo"", ""atrs"": {""subtipo"": ""común"", ""género"": ""femenino"", ""número"": ""singular"", ""comun_sub"": ""contable"", ""ind_col"": ""individual"", ""conc_abs"": ""concreto""}}, {""id"": ""n1_39_13"", ""texto"": ""."", ""cat"": ""Puntuación"", ""atrs"": {}}]"	
josele-n1	El guardián del museo vigilaba las salas principales durante toda la noche.	n1	"[{""id"": ""n1_40_01"", ""texto"": ""El"", ""cat"": ""Artículo"", ""atrs"": {""tipo"": ""determinado"", ""género"": ""masculino"", ""número"": ""singular"", ""forma"": ""ninguna""}}, {""id"": ""n1_40_02"", ""texto"": ""guardián"", ""cat"": ""Sustantivo"", ""atrs"": {""subtipo"": ""común"", ""género"": ""masculino"", ""número"": ""singular"", ""comun_sub"": ""contable"", ""ind_col"": ""individual"", ""conc_abs"": ""concreto""}}, {""id"": ""n1_40_03"", ""texto"": ""del"", ""cat"": ""Artículo"", ""atrs"": {""tipo"": ""determinado"", ""género"": ""masculino"", ""número"": ""singular"", ""forma"": ""contracta""}}, {""id"": ""n1_40_04"", ""texto"": ""museo"", ""cat"": ""Sustantivo"", ""atrs"": {""subtipo"": ""común"", ""género"": ""masculino"", ""número"": ""singular"", ""comun_sub"": ""contable"", ""ind_col"": ""individual"", ""conc_abs"": ""concreto""}}, {""id"": ""n1_40_05"", ""texto"": ""vigilaba"", ""cat"": ""Verbo"", ""atrs"": {""perífrasis"": ""no"", ""conjugación"": ""primera"", ""persona"": ""tercera persona"", ""número"": ""singular"", ""tiempo"": ""pretérito imperfecto"", ""modo"": ""indicativo"", ""aspecto"": ""imperfectivo"", ""voz"": ""activa""}}, {""id"": ""n1_40_06"", ""texto"": ""las"", ""cat"": ""Artículo"", ""atrs"": {""tipo"": ""determinado"", ""género"": ""femenino"", ""número"": ""plural"", ""forma"": ""ninguna""}}, {""id"": ""n1_40_07"", ""texto"": ""salas"", ""cat"": ""Sustantivo"", ""atrs"": {""subtipo"": ""común"", ""género"": ""femenino"", ""número"": ""plural"", ""comun_sub"": ""contable"", ""ind_col"": ""individual"", ""conc_abs"": ""concreto""}}, {""id"": ""n1_40_08"", ""texto"": ""principales"", ""cat"": ""Adjetivo"", ""atrs"": {""subtipo"": ""calificativo"", ""género"": ""invariable"", ""número"": ""plural"", ""grado"": ""positivo""}}, {""id"": ""n1_40_09"", ""texto"": ""durante"", ""cat"": ""Preposición"", ""atrs"": {""tipo"": ""simple""}}, {""id"": ""n1_40_10"", ""texto"": ""toda"", ""cat"": ""Cuantificador"", ""atrs"": {""tipo"": ""indefinido"", ""función_sint"": ""determinante"", ""género"": ""femenino"", ""número"": ""singular"", ""subtipo_ind"": ""universal""}}, {""id"": ""n1_40_11"", ""texto"": ""la"", ""cat"": ""Artículo"", ""atrs"": {""tipo"": ""determinado"", ""género"": ""femenino"", ""número"": ""singular"", ""forma"": ""ninguna""}}, {""id"": ""n1_40_12"", ""texto"": ""noche"", ""cat"": ""Sustantivo"", ""atrs"": {""subtipo"": ""común"", ""género"": ""femenino"", ""número"": ""singular"", ""comun_sub"": ""contable"", ""ind_col"": ""individual"", ""conc_abs"": ""concreto""}}, {""id"": ""n1_40_13"", ""texto"": ""."", ""cat"": ""Puntuación"", ""atrs"": {}}]"	
josele-n1	Los vecinos del barrio celebraron una fiesta popular en las calles adornadas.	n1	"[{""id"": ""n1_41_01"", ""texto"": ""Los"", ""cat"": ""Artículo"", ""atrs"": {""tipo"": ""determinado"", ""género"": ""masculino"", ""número"": ""plural"", ""forma"": ""ninguna""}}, {""id"": ""n1_41_02"", ""texto"": ""vecinos"", ""cat"": ""Sustantivo"", ""atrs"": {""subtipo"": ""común"", ""género"": ""masculino"", ""número"": ""plural"", ""comun_sub"": ""contable"", ""ind_col"": ""individual"", ""conc_abs"": ""concreto""}}, {""id"": ""n1_41_03"", ""texto"": ""del"", ""cat"": ""Artículo"", ""atrs"": {""tipo"": ""determinado"", ""género"": ""masculino"", ""número"": ""singular"", ""forma"": ""contracta""}}, {""id"": ""n1_41_04"", ""texto"": ""barrio"", ""cat"": ""Sustantivo"", ""atrs"": {""subtipo"": ""común"", ""género"": ""masculino"", ""número"": ""singular"", ""comun_sub"": ""contable"", ""ind_col"": ""individual"", ""conc_abs"": ""concreto""}}, {""id"": ""n1_41_05"", ""texto"": ""celebraron"", ""cat"": ""Verbo"", ""atrs"": {""perífrasis"": ""no"", ""conjugación"": ""primera"", ""persona"": ""tercera persona"", ""número"": ""plural"", ""tiempo"": ""pretérito perfecto simple"", ""modo"": ""indicativo"", ""aspecto"": ""perfectivo"", ""voz"": ""activa""}}, {""id"": ""n1_41_06"", ""texto"": ""una"", ""cat"": ""Artículo"", ""atrs"": {""tipo"": ""indeterminado"", ""género"": ""femenino"", ""número"": ""singular"", ""forma"": ""ninguna""}}, {""id"": ""n1_41_07"", ""texto"": ""fiesta"", ""cat"": ""Sustantivo"", ""atrs"": {""subtipo"": ""común"", ""género"": ""femenino"", ""número"": ""singular"", ""comun_sub"": ""contable"", ""ind_col"": ""individual"", ""conc_abs"": ""abstracto""}}, {""id"": ""n1_41_08"", ""texto"": ""popular"", ""cat"": ""Adjetivo"", ""atrs"": {""subtipo"": ""calificativo"", ""género"": ""invariable"", ""número"": ""singular"", ""grado"": ""positivo""}}, {""id"": ""n1_41_09"", ""texto"": ""en"", ""cat"": ""Preposición"", ""atrs"": {""tipo"": ""simple""}}, {""id"": ""n1_41_10"", ""texto"": ""las"", ""cat"": ""Artículo"", ""atrs"": {""tipo"": ""determinado"", ""género"": ""femenino"", ""número"": ""plural"", ""forma"": ""ninguna""}}, {""id"": ""n1_41_11"", ""texto"": ""calles"", ""cat"": ""Sustantivo"", ""atrs"": {""subtipo"": ""común"", ""género"": ""femenino"", ""número"": ""plural"", ""comun_sub"": ""contable"", ""ind_col"": ""individual"", ""conc_abs"": ""concreto""}}, {""id"": ""n1_41_12"", ""texto"": ""adornadas"", ""cat"": ""Adjetivo"", ""atrs"": {""subtipo"": ""calificativo"", ""género"": ""femenino"", ""número"": ""plural"", ""grado"": ""positivo""}}, {""id"": ""n1_41_13"", ""texto"": ""."", ""cat"": ""Puntuación"", ""atrs"": {}}]"	
